{"201600001": ["ADITYA GAITONDE", 6.75], "201600008": ["MD. ZEESHAN", 7.27], "201600009": ["UTKARSH TRIPATHI", 5.17], "201600013": ["SAMEER HUSSAIN", 6.59], "201600014": ["UDIT PRATAP SINGH", 6.05], "201600015": ["RONITA DEBNATH", 9.05], "201600017": ["SUNNY", 5.73], "201600018": ["DEVYANSHU PRADHAN", 7.57], "201600021": ["AMAN SINHA", 7.95], "201600022": ["AKASH SINGH", 9.7], "201600023": ["ABHIK DUTTA", 6.27], "201600024": ["JUGA JYOTI PATOWARI", 5.37], "201600025": ["MAYANK BUDIA", 7.69], "201600026": ["DEVESH PRADHAN", 6.99], "201600027": ["SARFARAZ UDDIN ANSARI", 9.02], "201600028": ["BARNALI MANDAL", 8.63], "201600029": ["MAYANK PRAKASH", 5.47], "201600030": ["BISHAL CHETTRI", 9.44], "201600031": ["NISHANT SHARMA", 4.8], "201600032": ["AKASH BANIK", 6.58], "201600034": ["BITUPAN ROY", 5.4], "201600035": ["DIBYA JYOTI DAS", 7.99], "201600036": ["MONALISHA GAUTOM", 9.29], "201600037": ["AKASH GUPTA", 8.21], "201600038": ["ANGSHUMAN BARUAH", 4.67], "201600039": ["SMRITI SINGH", 5.21], "201600040": ["DEBASHISH TALUKDAR", 5.3], "201600041": ["JAYANT SINGH", 7.18], "201600042": ["KETAN KISHAN", 7.02], "201600043": ["NIKHIL PUGALIA", 8.52], "201600044": ["ANKIT KUMAR GUPTA", 5.06], "201600045": ["MIHIR", 5.63], "201600048": ["HARSH WARDHANA", 7.77], "201600049": ["ANIMESH PHUKAN", 5.59], "201600050": ["KRITI KUMARI", 7.15], "201600052": ["CHANDNI AGARWAL", 9.87], "201600053": ["ASHISH   MOURYA", 5.92], "201600054": ["SUSHIL KUMAR AGARWAL", 9.94], "201600055": ["AKASH ANAND SHARMA", 3.81], "201600056": ["SWETA", 8.34], "201600057": ["ABHISHEK KUMAR", 6.15], "201600059": ["SAUMYA BHARTI", 8.27], "201600060": ["ANKIT KUMAR TIWARI", 7.52], "201600062": ["SAHIL SINGH", 6.31], "201600063": ["SUSHMITA KUMARI SAH", 9.82], "201600064": ["SEBANTI GHOSH", 6.55], "201600065": ["SREEJITA NASKAR", 6.72], "201600066": ["KAJAL SINGH", 8.23], "201600068": ["NIHARIKA BINDAL", 6.81], "201600070": ["YATHARTH SHARMA", 5.88], "201600071": ["ATUL SHRIVASTAVA", 6.89], "201600073": ["KARTIK PANCHAL", 6.36], "201600075": ["SHIVAM KASHYAP", 6.61], "201600076": ["ADITYA  SINHA", 7.95], "201600080": ["RISHABH BHATTACHARJEE", 6.14], "201600081": ["ARITRY BAGCHI", 7.77], "201600082": ["NIMA GYALPO THAPA", 5.17], "201600085": ["ABIJEET RAJ", 4.94], "201600086": ["SUDEEP DAS", 6.71], "201600087": ["ARPAN GAUTAM", 5.96], "201600089": ["SIMRAN SANDHU", 6.75], "201600091": ["SWETA AGARWAL", 8.97], "201600093": ["PREM DHAR DWIVEDI", 7.18], "201600094": ["ANWESNA POUDYAL", 7.98], "201600095": ["SHANTANU SHARMA", 6.37], "201600097": ["NOIMISHA HAZARIKA", 9.35], "201600098": ["SAPNA AGARWAL", 9.88], "201600101": ["ARJUN PRASAD", 7.13], "201600102": ["AMAN KUMAR MISHRA", 6.7], "201600105": ["ARITRA DHAR", 6.37], "201600106": ["SAHIL", 5.21], "201600107": ["ANUJ KASHYAP", 5.61], "201600108": ["BHASKAR", 5.81], "201600109": ["TANYA AGARWAL", 9.39], "201600110": ["RATUL GHOSH", 7.67], "201600111": ["KINKINI SANYAL", 7.25], "201600112": ["BASIT HALIM", 6.36], "201600114": ["BAISHALI GAUTAM", 7.78], "201600116": ["YOGESH SHARMA", 8.73], "201600117": ["BULBUL AGARWAL", 8.35], "201600118": ["PUNSTOK GYATSO TOPGAY", 6.67], "201600119": ["SAUDAMINI GHOSH", 8.05], "201600120": ["KARMA TSETEN CHOKI BHUTIA", 7.07], "201600122": ["SATYA PRAKASH SHUKLA", 9.23], "201600123": ["SUBRATO PAL", 7.78], "201600124": ["PANKAJ BASUMATARI", 5.68], "201600126": ["SENNY YUMNAM", 5.38], "201600127": ["HIMALAY GOGOI", 7.36], "201600128": ["YESHEY GYATSO BHUTIA", 5.95], "201600129": ["SATENDRA KUMAR PRASAD", 8.52], "201600131": ["BIKASH PANDEY", 5.73], "201600133": ["GAURAV UPADHYAYA", 8.18], "201600134": ["ENOCH SAMTEN SHERPA", 4.21], "201600136": ["UKESH NEUPANE", 3.89], "201600137": ["GAURAV PRATIM DUTTA", 7.07], "201600138": ["TASHI TSHERING BHUTIA", 7.82], "201600139": ["RESHMI DAS", 5.63], "201600142": ["ABHISHEK DHAKAL", 8.98], "201600143": ["ANUSHREE DUTTA", 8.34], "201600144": ["AYUSH JITANI", 7.09], "201600145": ["SUBHRADIP SUR", 5.2], "201600147": ["MANISHA KUMARI GUPTA", 8.1], "201600149": ["SHUVRAJYOTI BANERJEE", 6.72], "201600150": ["AYESHA NARAYAN", 7.55], "201600151": ["SWARNALI SAHA", 8.74], "201600152": ["KESHAB CH GOGOI", 7.02], "201600153": ["ESHAN GARG", 4.91], "201600154": ["KUMAR GAURAV", 2.33], "201600156": ["RANGTSUNG DORJEE SHERPA", 6.77], "201600158": ["ANKITA KUMARI", 4.06], "201600159": ["AMARTYA KUMAR ROY", 8.03], "201600161": ["ANUTOSH PAUL", 5.23], "201600162": ["AMARJEET KUMAR", 5.61], "201600163": ["BISWAMANI RAI", 5.82], "201600164": ["SHRISHAIL PRADHAN", 6.55], "201600166": ["AKASH ARUN BARUAH", 4.28], "201600167": ["ANKIT KUMAR GUPTA", 8.21], "201600168": ["KUNAL DEKA", 6.13], "201600169": ["JAWED ANSARI", 5.61], "201600170": ["ANUPAM PAUL", 5.4], "201600171": ["SOURAV THAPA", 3.8], "201600172": ["ASHMITA CHETRI", 7.94], "201600173": ["MOWKUNHI PHUKON", 7.3], "201600174": ["RIYANKA SARKAR", 8.03], "201600175": ["NIKITA NEPAL", 6.22], "201600177": ["RUPAM BHETWAL", 6.29], "201600178": ["NIKITA CHETTRI", 5.78], "201600179": ["ANUSHIL", 5.25], "201600180": ["REEPDEN WONGDEN LEPCHA", 5.89], "201600182": ["SHUBHANKAR ROY", 4.9], "201600184": ["SHUBHAM KUMAR", 6.3], "201600185": ["PAWAN KUMAR DUBEY", 5.78], "201600186": ["SUNIL CHETTRI", 9.72], "201600188": ["SAHIL DHUNGEL", 4.92], "201600191": ["DEEPAN RIZAL", 4.96], "201600193": ["ABHISHEK PRADHAN", 7.89], "201600194": ["SALMAAN RAZA", 4.81], "201600196": ["ANINDITA SINGHA", 6.36], "201600197": ["SUDHANSHU KUMAR", 5.67], "201600199": ["SHIVRAJ GUPTA", 5.36], "201600200": ["BIPAN SAPKOTA", 5.52], "201600201": ["KHUSHI", 7.54], "201600202": ["RAJEEV SHARMA", 7.14], "201600206": ["ADITYA RAJENDRA MATHUR", 6.39], "201600208": ["NUTAN THAPA", 8.4], "201600209": ["SHRISTI ACHARYA", 6.77], "201600211": ["NITIN SANDILYA", 8.77], "201600212": ["SONU", 6.59], "201600213": ["RHYDHAM PARMAR", 5.87], "201600215": ["VARCHASVA VIGYA", 5.72], "201600216": ["MUNI PAVAN THEERTHAM", 7.69], "201600217": ["SHIVAM GUPTA", 7.38], "201600218": ["ANJANA SHARMA", 6.98], "201600219": ["AARYA BHATTACHARYYA", 6.61], "201600224": ["SATYAM THAKURI", 8.84], "201600228": ["KONDA VAISHNAVI", 7.14], "201600230": ["NABIN TAMANG", 7.72], "201600231": ["VAIDHANI ANAND KUMAR", 7.06], "201600232": ["ARUNAVO RAY", 8.32], "201600233": ["ADITYA CHHETRI", 5.38], "201600235": ["SANJEEV KUMAR", 8.99], "201600236": ["SUDEEP PRADHAN", 8.39], "201600237": ["SUJAY CHAKRABORTY", 6.61], "201600238": ["WRISHABH WALIA", 9.19], "201600239": ["PINKI AGARWAL", 8.83], "201600241": ["GOWTHAM S", 6.97], "201600242": ["LALREMSANGA", 6.09], "201600244": ["TENZING DHASEL", 7.01], "201600247": ["AHREN PRADHAN", 7.87], "201600248": ["SANTOSH KUMAR BHAGAT", 7.61], "201600249": ["PHURBA SHERPA", 4.23], "201600250": ["CHIMILA SHERPA", 7.11], "201600251": ["DICHEN ONGMU LEPCHA", 7.36], "201600253": ["NISHA KUMARI GUPTA", 9.47], "201600254": ["ATUL SINGH YADAV", 4.35], "201600255": ["ABISHEK SHARMA", 6.57], "201600256": ["PRIYA RAI", 5.52], "201600258": ["SANDHYA SHARMA", 8.02], "201600259": ["PRASANSA RAI", 6.77], "201600260": ["MRINMOY BORUAH", 6.53], "201600262": ["KESULA SHERPA", 6.32], "201600263": ["MOHIT KUMAR GUPTA", 5.54], "201600264": ["DIVYANSHU SINGH", 8.0], "201600265": ["BHARGAV JYOTI RABHA", 5.02], "201600266": ["TENZING MINGUR BHUTIA", 7.07], "201600267": ["JEETENDRA SHARMA", 6.79], "201600268": ["BIJAY REGMI", 7.41], "201600270": ["SIDDHANT LAMA", 6.39], "201600271": ["ROHAN PRASAD", 9.68], "201600272": ["SUPRIYA SHARMA", 8.44], "201600273": ["DIWASH KAPIL CHETTRI", 5.83], "201600274": ["ASHISH AUGUSTINE", 4.99], "201600275": ["RITESH PRADHAN", 6.83], "201600276": ["LEENUS DARNAL", 7.5], "201600277": ["RAMIT SINGH", 5.23], "201600278": ["SUTAPA", 9.38], "201600279": ["POOJA VERMA", 8.88], "201600280": ["NORBU TSHERING LAMA TAMANG", 7.54], "201600281": ["BHUSHAN SHARMA", 7.41], "201600282": ["ANUJ CHETTRI", 4.06], "201600284": ["APOORVA RAJ", 4.2], "201600285": ["ANISHA SHARMA", 6.52], "201600286": ["DEBASMITA DEY", 9.48], "201600287": ["PRATIK LAHOTY", 7.33], "201600289": ["VISHAL MURMU", 7.98], "201600293": ["SUBARNA GURUNG", 8.93], "201600294": ["ANSHU KUMAR", 5.79], "201600296": ["DIKSHA SUBBA", 7.05], "201600297": ["NIKITA SHARMA", 8.14], "201600300": ["INZAMAMUL HASAN", 5.23], "201600302": ["RAVISHANKAR PRASAD", 5.72], "201600303": ["PHU TSHERING BHUTIA", 8.62], "201600304": ["DIPESH KUMAR", 8.67], "201600305": ["RAJDEEP SINGH GOLAN", 9.17], "201600306": ["RONAK AGARWAL", 8.01], "201600307": ["JHARNA KUMARI", 9.35], "201600308": ["SAURAV KUMAR CHAUDHARY", 5.38], "201600311": ["SUAVE THAPA", 8.17], "201600312": ["WANGZER NAMGYAL BHUTIA", 9.16], "201600313": ["ROSHAN SHARMA", 5.13], "201600314": ["NAVODAYA BHUYAN", 1.71], "201600315": ["CHONEY GYATSO BHUTIA", 5.96], "201600316": ["AKSHATA CHETTRI", 8.23], "201600320": ["ADITYA PRAKASH", 6.3], "201600321": ["ROHIT RAHUL KHANDELWAL", 7.0], "201600322": ["SARINA CHETTRI", 7.46], "201600323": ["KUNZANG CHUKI BHUTIA", 9.41], "201600324": ["SAHARSH MODI", 8.42], "201600325": ["HARSH SINGH", 5.14], "201600326": ["RAJDEEP BHATTACHARJEE", 6.56], "201600327": ["SANGAY PALMU BHUTIA", 7.43], "201600329": ["ANKIT ANAND", 4.65], "201600331": ["SANKHA SUBHRA DEBNATH", 6.94], "201600332": ["HANSA JHA", 7.53], "201600385": ["NAZIM ALI", 7.51], "201600386": ["DEEPANKAR SARMAH", 6.39], "201600387": ["TARUN KUMAR DUGAR", 9.13], "201600389": ["BANI MADAN", 6.28], "201600390": ["TUSHAR SHARMA", 8.17], "201600391": ["IMMANUEL SAVIO DONBOSCO", 7.61], "201600393": ["TARUN KUMAR", 8.24], "201600394": ["BARSHA SHARMA", 9.76], "201600395": ["SHOUVIK MUKHERJEE", 7.24], "201600396": ["PARITOSH KUMAR", 7.09], "201600397": ["AVI DIPRANSH", 8.43], "201600398": ["VIGHNAHAR RAM RAPAKWAD", 8.64], "201600400": ["DIPANJAN GHOSE", 9.28], "201600401": ["KATHYAINI RAO", 8.83], "201600402": ["PRANTIK DEY", 9.36], "201600405": ["RISHAV ANAND", 8.57], "201600406": ["DIMPLE DAS", 7.82], "201600408": ["UJJWAL GUPTA", 7.19], "201600409": ["SANKALP JAISWAL", 8.87], "201600410": ["DIVYAM KUMAR SINGH", 7.83], "201600412": ["MOHIT RATHOR", 8.73], "201600413": ["KAUSTAV KAUSHIK", 7.08], "201600414": ["Saptarshi Chakravarty", 8.03], "201600416": ["BHAVJOT SINGH", 7.27], "201600418": ["SUYASH SRIVASTAVA", 8.68], "201600419": ["TUSHAR KUMAR", 9.19], "201600420": ["ROBIN SINGH", 4.64], "201600422": ["RISHU SUSHIB", 8.36], "201600423": ["AJEY KOUSHIK LAKSHMI NARASIMHAN", 7.38], "201600424": ["ZUVARAJ KATAKI", 6.67], "201600425": ["KANIKA SINGH", 7.09], "201600428": ["GALEN RAPHAEL PEREIRA", 6.36], "201600429": ["SHUBHAM KUMAR", 8.27], "201600430": ["SHREYESKAR SINGH", 8.53], "201600432": ["FRANKEN PRATIK KANDULNA", 6.63], "201600433": ["ANUSHA ANAND", 9.22], "201600435": ["MANAS RAJ VISHAL", 4.22], "201600436": ["MUDIT BORAN", 5.51], "201600437": ["ABHISHEK VIVEK SHARMA", 8.12], "201600438": ["DEVANSHU GUPTA", 6.75], "201600439": ["PRIYANSH SHARMA", 8.86], "201600440": ["KANCHANAPALLY SWAPNIL RAJU", 7.31], "201600441": ["RIYA RAMA", 3.12], "201600443": ["DIPESH YADAV", 6.82], "201600444": ["KARASU SRIKANTH", 7.92], "201600448": ["SUDIPTA DEY", 8.03], "201600449": ["AMAN SRIVASTAVA", 6.79], "201600450": ["ADARSH KUMAR", 6.99], "201600451": ["VISHAL RAJ", 5.81], "201600452": ["GARGEE PHUKON", 8.22], "201600453": ["ANGARIKA DAS", 7.25], "201600454": ["AYUSH THAKUR", 4.48], "201600455": ["SACHIN CHAUDHARY", 4.42], "201600456": ["NALLABOLU SAINATH REDDY", 7.63], "201600457": ["DEEP SHIKHA", 9.13], "201600458": ["AKRITI SHARMA", 7.33], "201600460": ["KUNAL KUMAR DAS", 9.11], "201600461": ["AMAN RAJ", 8.54], "201600462": ["RISHABH PODDAR", 4.38], "201600464": ["REJU ROHAN", 6.92], "201600466": ["PRITI KUMARI", 7.1], "201600467": ["ANAMIKA CHATTERJEE", 6.5], "201600468": ["DEBASMITA CHAKRABORTY", 6.45], "201600469": ["MOHAMMAD ALI KHAN", 7.0], "201600471": ["DEVEN BARDE", 6.27], "201600473": ["SARTHAK SRIVASTAVA", 7.73], "201600475": ["VISHWA VIVEK", 6.27], "201600477": ["NISHANK VERMA", 4.45], "201600478": ["SHAURAV DUTTA", 9.33], "201600479": ["UDBHAV SINGH", 7.04], "201600480": ["DEVKANT  VERMA", 7.0], "201600481": ["RANA VIJAY SINGH", 7.98], "201600482": ["PRANAY SINGH", 7.1], "201600485": ["ATUL PATEL", 5.28], "201600487": ["IMRAN SAH", 6.8], "201600488": ["APOORVA YASH", 6.14], "201600489": ["PREETAM KALITA", 4.32], "201600490": ["ROBBIN SINGH GANDHI", 4.02], "201600491": ["MAYUR MAHANTA", 7.25], "201600492": ["PRATEEK NIKHIL PETHE", 6.29], "201600493": ["ABHISHEK RAJ", 8.36], "201600495": ["SHASHWAT SHARMA", 8.64], "201600496": ["SHEKHAR KISHORE", 7.12], "201600497": ["SURAJ PRABHAKAR", 6.36], "201600498": ["RAJ SRIVASTAVA", 7.27], "201600499": ["MAYUR", 7.72], "201600501": ["RAUNAK BISHWA LOHAR", 4.11], "201600502": ["JASPAL SINGH DEORA", 4.19], "201600503": ["AKASH SARAF", 7.59], "201600504": ["AMIR WASIM KAUSHAR", 7.06], "201600505": ["DEEPAK TIRKEY", 8.75], "201600507": ["AYUSH KUMAR SAW", 6.62], "201600508": ["MANJIT SHUKLA", 5.98], "201600509": ["NIHIT KUMAR", 6.97], "201600510": ["SHEKHAR KUMAR", 5.68], "201600512": ["NIROJ DEY", 9.16], "201600514": ["CHAHAK GUPTA", 7.11], "201600516": ["SAI KIRAN NAGARAJU", 6.79], "201600517": ["SANGRAMJIT DUTTA", 5.52], "201600518": ["ARPIT GUPTA", 6.3], "201600520": ["ANKIT KUMAR SHANDILYA", 5.71], "201600521": ["JUTTUKONDA VINAY  BABU", 5.46], "201600523": ["MONODEEP SAHA", 7.66], "201600525": ["KUMAR DHANRAJ SINHA", 6.86], "201600528": ["RITUSHREE PRIYA", 7.65], "201600529": ["ASHWANI PATEL", 5.73], "201600530": ["SAKSHAM GUPTA", 4.18], "201600531": ["ANURAG ANAND", 4.47], "201600535": ["HRIDAYAN PHUKAN", 4.27], "201600577": ["BIJENDRA KUMAR SHARMA", 8.54], "201600578": ["KRISHNA KISHORE VARMA KALIDINDI", 7.16], "201600579": ["ACCHAYA KUMAR SHARMA", 7.44], "201600581": ["RUPJYOTI BRAHMA KALITA", 7.07], "201600582": ["AMLAN JYOTI DAS", 6.49], "201600583": ["JEETURAJ BASUMATARY", 5.42], "201600585": ["ABHISHEK CHAKRABORTY", 7.31], "201600586": ["AYAZ NAQVI", 6.36], "201600589": ["ANANNYA  ROY", 7.52], "201600590": ["SAMARSHI CHAKRABORTY", 7.75], "201600601": ["HIMIKA SARKAR", 9.63], "201600602": ["MD.NADEEM AKHTAR HASID", 8.96], "201600603": ["SHAUVICK DAS", 7.88], "201600613": ["AKASH SARKAR", 7.06], "201600614": ["ANKITA KARMAKAR", 6.39], "201600615": ["AMAR BHATTACHARYA", 5.4], "201600617": ["ANSHU DAS", 9.59], "201600619": ["TAMAL BANERJEE", 8.43], "201600620": ["SAURABH DEBABRATA DAS", 5.65], "201600622": ["HARSH AGARWAL", 9.93], "201600627": ["SRIDHAR SHARMA", 4.46], "201600628": ["KUMAR SIDDHARTHA", 6.36], "201600629": ["KARTIKAY RAGHAV", 5.61], "201600630": ["VEDANT SINGH", 4.35], "201600633": ["ANKIT RAJKUMAR SINGH", 7.78], "201600637": ["VISHAL JAISWAL", 8.0], "201600639": ["ARNAV", 7.36], "201600649": ["KUMAR GAURAV", 8.37], "201600650": ["SHIVANGI PRIYA", 7.5], "201600651": ["FAIZ KHAN", 6.02], "201600655": ["SAKET KUMAR", 8.24], "201600656": ["PRATIK RAJ", 8.17], "201600657": ["PRASHANT KUMAR", 4.87], "201600658": ["RICHA KRISHNAN", 7.19], "201600659": ["VASUDHA PATHAK", 9.42], "201600660": ["ASIFUR RAHMAN", 6.08], "201600662": ["RUPSHA GOSWAMI", 7.57], "201600665": ["ARYA SAUMITRA", 9.24], "201600667": ["AKASH ANAND", 7.62], "201600668": ["ASHUTOSH KUMAR", 9.61], "201600674": ["AAYUSH VERMA", 9.01], "201600675": ["SHIVAM VERMA", 6.25], "201600686": ["MRITYUNJAY KUMAR", 8.83], "201600687": ["BARNAK MUKHERJEE", 7.58], "201600698": ["SWAPNANIL GHOSH", 6.21], "201600699": ["PRATYASHA TAMULI", 9.81], "201600700": ["DHRITIMAN MEDHI", 4.4], "201600710": ["NEELABH RAJ", 8.11], "201600713": ["ANURAG SRIVASTAVA", 6.88], "201600714": ["RAVI PRAKASH", 7.55], "201612502": ["ANITA DAHAL", 6.18], "201612503": ["SADIXYA PRADHAN", 4.67], "201613501": ["SHRIJANA ADHIKARI", 5.7], "201613503": ["KIRATTI UPASANA RAI", 5.92], "201613504": ["Tsheme Choden Bhutia", 4.48], "201613508": ["LHAMU CHEDEN BHUTIA", 5.26], "201615503": ["SIDHANT CHETTRI", 5.49], "201615504": ["BINDHIYA DEVI DHAMALA", 6.09], "201615505": ["ABID ANSARI", 5.58], "201615506": ["RISHABH KARN", 6.6], "201615507": ["LUCKY PRASAD", 4.55], "201616001": ["ADITYA CHETTRI", 8.48], "201616002": ["NITESH KR.RAM", 7.73], "201616003": ["BINDHYA GURUNG", 7.84], "201616004": ["RITESH DHAKAL", 6.35], "201616005": ["MRIGANKA DEY", 9.03], "201616006": ["SAILAB BASAK", 9.38], "201616007": ["DEBJIT DUTTA", 5.81], "201616009": ["SUKANTA GHOSH", 6.37], "201616010": ["NARAYAN LUITEL", 9.02], "201616011": ["SAURAV RAI", 5.34], "201616012": ["PRASHANT NOROULA", 8.4], "201616013": ["SIMRANDEEP KAUR", 8.19], "201616014": ["ANIRUDH  KUMAR", 5.85], "201616015": ["RAHUL GHOSH", 6.06], "201616016": ["SARMILA RAI", 8.57], "201616018": ["PRAVAS SAPKOTA", 6.12], "201616020": ["SAAJAN BARDEWA", 4.59], "201616022": ["NIKASH PRADHAN", 6.19], "201616023": ["GYANU RAM RAI", 6.82], "201616024": ["NUNITA SHARMA", 5.84], "201616025": ["SONAL RAI", 6.11], "201616026": ["MANISH SHAHI", 6.89], "201616028": ["KUMARI SANGEETA SINHA", 7.49], "201616029": ["SHIVANI", 7.35], "201616030": ["DEEPAK KUMAR", 6.58], "201616031": ["VIVEK YADAV", 7.2], "201616033": ["AMIT BHAYAL", 6.61], "201616034": ["ANUSH KHADKA", 7.44], "201618506": ["CHITIM DOLMA SHERPA", 6.16], "201618507": ["SAMIR RAI", 4.25], "201618508": ["SUSAN GURUNG", 6.14], "201618509": ["RABIN CHETTRI", 6.06], "201618522": ["DIVYA SUBEDI", 5.77], "201618526": ["SHRIDHRIKA SUBBA", 5.84], "201618527": ["SONAM ZANGPO BARPHUNGPA", 4.98], "201618531": ["SHIVANI GURUNG", 5.88], "201618532": ["SAROJ RAI", 6.42], "201618534": ["SUSHANTH SAIBHA", 4.18], "201618535": ["VAIBHAV RAJ CHETTRI", 5.19], "201619001": ["KUMARI SOUMYA PANDEY", 7.74], "201619003": ["ARITRA SARKAR", 8.52], "201619004": ["SUNDERSON SUBBA", 6.18], "201619005": ["MONU AGARWAL", 8.32], "201619006": ["ELIZABETH NARJINARY", 7.97], "201619007": ["SALONI SHAHI", 8.39], "201619008": ["BHAWANA RAI", 8.93], "201619009": ["SWAGATA CHOWDHURY", 7.14], "201619010": ["TSHERING YANKEY YOLMO", 8.22], "201619011": ["ABISHEK SUBBA", 6.64], "201619012": ["SABIYANA SULTANA", 6.93], "201619013": ["ARGHA SADHU", 6.22], "201619014": ["FURMU SHERPA", 8.3], "201619015": ["ROSHNI LAMA", 9.14], "201619016": ["ANKIT GHIMIRE", 6.51], "201619019": ["NORKI LHAMU BHUTIA", 7.21], "201619020": ["NITESH SHARMA", 7.55], "201619021": ["SHIVAM KASHYAP", 5.7], "201619022": ["PHURTENZI SHERPA", 6.25], "201619023": ["RINKU SHARMA", 6.78], "201619024": ["RONEET PRADHAN", 5.43], "201619025": ["SUJATA KUMARI GUPTA", 7.07], "201619027": ["SYED TAUSIF ALI", 6.62], "201619029": ["AASHISH PODDAR", 6.86], "201619030": ["RANJANA RASAILY", 7.28], "201619031": ["PRAJJWAL HANG SUBBA", 4.49], "201619032": ["SHLOK GYAN PRAKASH ARYA", 7.53], "201619033": ["IONA GURUNG", 9.74], "201619035": ["ZIGMEE WANGCHUK BHUTIA", 5.51], "201619037": ["RONILA GURUNG", 8.03], "201621215": ["Biwash Poudyal", 6.65], "201637001": ["PALLAV DAS", 6.67], "201700002": ["NIKHIL PRADHAN", 7.84], "201700003": ["ANKITA PANDIT", 8.73], "201700004": ["SURIKHA BHETIWAL", 5.17], "201700005": ["SANTANU MOHAPATRA", 8.17], "201700006": ["DEBIDUTTA MEDHI", 7.25], "201700007": ["SIDDHANT SHARMA", 5.68], "201700009": ["AAYUSH NARAYAN", 6.42], "201700010": ["ABISHEK PHUKAN", 4.28], "201700011": ["ANIMESH SINGH", 3.82], "201700013": ["RUCHIKA KHEMKA", 8.12], "201700014": ["RAVI AGARWAL", 8.99], "201700015": ["SUBHAM GUPTA", 6.7], "201700018": ["MINKILA SHERPA", 7.77], "201700019": ["ITOKA K CHISHI", 1.16], "201700021": ["ARPAN CHETTRI", 8.72], "201700022": ["ANISHA KAR", 5.22], "201700023": ["NAWANG DONDUP", 7.5], "201700024": ["SAMUEL KARKI", 6.07], "201700025": ["PAMELA CHATTERJEE", 6.47], "201700027": ["RAVI BANSAL", 8.38], "201700029": ["MUSHKAN GIRI", 7.53], "201700030": ["ANURAG UPADHAYA", 7.1], "201700034": ["HRISHIKESH DEKA", 4.47], "201700035": ["MAHUWA DAS", 6.94], "201700036": ["MANASHI KUNDU", 8.97], "201700038": ["SWETA SINHA", 7.9], "201700039": ["SHIKHA SAMDARSHI", 3.91], "201700040": ["SHRUTA DHAR", 9.36], "201700041": ["PALASH GHOSH", 8.4], "201700043": ["PRASHANT KHARGA", 2.62], "201700044": ["ABHINASH RABHA", 2.47], "201700045": ["SUBHAJIT PAUL", 7.04], "201700046": ["SAURABH RAJ MAHATO", 5.81], "201700048": ["ARUNUDOY BURAGOHAIN", 8.72], "201700049": ["GARIMA KUSHWAHA", 9.21], "201700055": ["DAIPAYAN HATI", 8.01], "201700060": ["VIVEK MITTAL", 7.3], "201700061": ["SHRADHA BHARDWAJ", 9.37], "201700062": ["SOMIK DATTA", 8.07], "201700063": ["YASSER ARAFAT", 8.33], "201700066": ["DUSHYANT SINGH", 6.94], "201700067": ["ANGANA GOSWAMI", 9.18], "201700069": ["EKTA GOPE", 7.35], "201700070": ["ADITYA THAPA", 6.94], "201700072": ["SAAZ BHARADWAJ", 4.11], "201700073": ["AKASH V", 6.9], "201700074": ["WANGYAL LUCKSOM", 6.31], "201700075": ["ARYAN DEV", 8.6], "201700078": ["MITHILESH GAUTAM", 5.49], "201700079": ["SHARMILA SAHA", 9.47], "201700080": ["DION JAMES SMITH", 5.16], "201700081": ["ANKIT TAMANG", 7.48], "201700082": ["AVISHEK CHAKRABORTY", 5.39], "201700086": ["JAMYANG ZANGPO LACHUNGPA", 6.99], "201700087": ["SAURAV KUMAR SINHA", 6.3], "201700088": ["SANJOG TAMANG", 6.51], "201700089": ["TATHAGATA SINHA", 7.13], "201700090": ["SUSHMITA ROY", 2.55], "201700091": ["ADITI KHARGA", 6.75], "201700092": ["ABHIRUP DUTTA", 7.22], "201700093": ["SAURAV KUMAR", 5.75], "201700095": ["Chewang Tashi Chopel Bhutia", 4.82], "201700096": ["VIKASH KUMAR", 6.24], "201700097": ["SRIYA CHETTRI", 7.76], "201700098": ["UDIPTYA CHOUDHURY", 6.95], "201700103": ["HRISHIKESH THAKUR", 7.15], "201700104": ["MANG HANG LIMBOO", 7.07], "201700106": ["PRASHANT SHARMA", 8.4], "201700110": ["JASOWANTA DAS", 7.31], "201700113": ["RUPSA BISWAS", 6.06], "201700114": ["KUMAR SATYAM", 6.87], "201700117": ["AMAN HAJONG", 8.25], "201700119": ["ROHAN SAHA", 6.07], "201700120": ["HARDICK SAIKIA", 8.04], "201700121": ["AAYUSH RAJ", 6.3], "201700122": ["MD ASHFAQUE ALI", 6.26], "201700127": ["SHIMRAN GUPTA", 6.87], "201700129": ["ANUJ KUMAR GUPTA", 7.54], "201700130": ["NEEHA CINTURY", 5.97], "201700133": ["ANOOSWETA GUPTA", 4.36], "201700134": ["ANKIT PRAKHAR", 6.99], "201700136": ["PROGYAN HAZARIKA", 6.27], "201700139": ["RESHAF JAMAL", 5.54], "201700141": ["SOUMYARUPA SAHA", 8.8], "201700145": ["ABHAY SINGH", 6.47], "201700146": ["ARNAB BISWAS", 8.76], "201700148": ["AYUSH NAYAN", 8.97], "201700149": ["PRATYUSH KUMAR MOHANTY", 8.42], "201700150": ["GAGAN SAI REDDY", 2.65], "201700151": ["ARJUN KAR", 7.06], "201700152": ["PRATIK MAHAPATRA", 9.62], "201700154": ["RAHUL KASHYAP", 8.47], "201700155": ["GURUPRASAD ROUL", 6.31], "201700156": ["PRAKAR PRADHAN", 8.08], "201700157": ["QUNAIN AFAQ", 6.8], "201700158": ["NILOTPAL MALAKAR", 1.92], "201700159": ["VATSALYA SINGH", 7.71], "201700160": ["PRATYUSH KUMAR  JHA", 6.38], "201700161": ["RAGHAVENDRA SINGH", 6.43], "201700162": ["MAHIMA RAI", 6.86], "201700163": ["SIDDHANT BHATTACHARJEE", 3.92], "201700164": ["VINEET KUMAR SINHA", 8.01], "201700166": ["HARSH VERMA", 5.07], "201700169": ["SHARAD", 8.01], "201700170": ["SEJAL BURNWAL", 9.39], "201700171": ["PAWAN KUMAR JETHARA", 5.76], "201700172": ["ABHIGYAN BARUAH", 8.26], "201700174": ["ADITYA PRAKASH", 7.11], "201700175": ["ROHAN SETHI", 7.84], "201700176": ["ASHISH GUPTA", 8.4], "201700177": ["ABDULLAH SAKEEB", 4.79], "201700179": ["KETAN MANGLA", 9.93], "201700180": ["AYAN GHOSH", 5.44], "201700181": ["RANJAN SENGUPTA", 5.51], "201700182": ["KOMAL MUSKAN", 6.47], "201700183": ["AYANTIKA NANDI", 7.79], "201700184": ["BATTU PHALGUNA", 8.31], "201700185": ["ANKIT KUMAR", 7.22], "201700186": ["ASHI SINGH", 7.46], "201700187": ["JESSON GEORGE", 8.7], "201700189": ["SURABHI SHARMA", 7.2], "201700190": ["DARI RANA", 2.78], "201700191": ["SNEHANSHU MAHAJAN", 7.35], "201700193": ["MANASH PRATIM KALITA", 5.49], "201700194": ["CHUKKALURU NAGA PAVANKUMAR REDDY", 5.71], "201700195": ["TANIYA KHETAWAT", 9.24], "201700196": ["M. KAVIN", 4.19], "201700198": ["RINCHIN DORJEE", 8.13], "201700199": ["SAURAV  JYOTI DAS", 7.04], "201700201": ["NISHCHAL BHATTARAI", 7.96], "201700202": ["ANANYA MISHRA", 6.61], "201700203": ["ANAND RANJAN", 8.99], "201700205": ["SHIVESH SAFAL", 7.79], "201700206": ["BOKEN YAYING", 1.66], "201700207": ["PARIKSHIT DAHAL", 7.21], "201700208": ["Prerna Patel", 5.54], "201700209": ["ROHIT ROY CHOUDHURY", 8.42], "201700212": ["RISHAB AGARWAL", 8.76], "201700213": ["IVANOV BRAHMA", 7.16], "201700214": ["NICKY TAHBILDAR", 7.92], "201700215": ["BHASKAR BARMAN", 5.34], "201700216": ["MD FARDEEN ALAM", 7.46], "201700218": ["Y NINGTHOIBI DEVI", 8.93], "201700219": ["RISHIKESH BORAH", 7.52], "201700220": ["ANURIMA DUBEY", 7.2], "201700221": ["NAVIN GURUNG", 4.29], "201700222": ["TANAY PANDEY", 6.93], "201700223": ["SITOSHNA CHHETRI", 7.57], "201700224": ["SIDDHARTH DHAWAN", 5.91], "201700225": ["ABHINOV DUTTA", 6.33], "201700226": ["HAMZA YASSIR", 7.61], "201700228": ["ARSH MISHRA", 6.06], "201700230": ["NAYAN JAIN", 6.31], "201700233": ["AKASH KUMAR JASPAL", 6.85], "201700234": ["PRIT PRADHAN", 7.66], "201700235": ["BHAGWAN SINGH", 7.65], "201700236": ["NANU KARPUK", 2.54], "201700237": ["ANANYA SARKAR", 7.64], "201700238": ["THANDRA SAI YESHWANTH GOUD", 5.41], "201700239": ["JAS KAUSHAL SANGANI", 5.74], "201700240": ["BISHAL PAUDEL", 9.12], "201700241": ["SAKSHAM RASTOGI", 6.06], "201700242": ["AMLAN JYOTI BHARALI", 8.66], "201700244": ["ANURAN DUTTA", 8.91], "201700245": ["YASH KUMAR", 7.98], "201700246": ["JITESH", 3.91], "201700247": ["RESHAW RAJ", 2.59], "201700249": ["DIVYANSHU NIGAM", 7.3], "201700250": ["KASHFI AJAZ", 6.64], "201700253": ["ATREYA UDAMOY", 2.35], "201700254": ["RAVI TEJASWINA", 9.43], "201700257": ["PRATYUSH RAJ", 5.27], "201700258": ["KUMAR ABHINAV", 7.53], "201700259": ["ANJALI AGARWAL", 8.88], "201700261": ["ANURAG HARSH", 6.93], "201700263": ["RACHANA GUPTA", 8.23], "201700266": ["SAQLAIN MUSTAFA", 9.67], "201700267": ["JISHNU SAI M", 6.78], "201700268": ["AASHISH VIDYARTHI", 4.84], "201700269": ["SHRUTI GUPTA", 7.94], "201700270": ["ANKIT SAMAL", 1.62], "201700271": ["RAGHWENDRA SINGH", 2.97], "201700274": ["PRATIK PRADHAN", 8.08], "201700275": ["VIKRAM PRASAD GUPTA", 5.81], "201700276": ["ABHIK MEHATA", 6.51], "201700277": ["Louremdam Deepak", 4.17], "201700278": ["KRISHNA KUMAR", 7.11], "201700279": ["STEVENS PHILIP", 9.66], "201700280": ["RENDUCHINTALA SRIKANTH SARMA", 7.9], "201700281": ["SHIVAM RAJ", 8.97], "201700282": ["SUNNY KUMAR", 9.92], "201700283": ["MUSKAAN PODDAR", 9.87], "201700284": ["ARSH KUMAR SHAW", 9.87], "201700286": ["MEDHA MANSI", 9.87], "201700287": ["AMRITRAJ PAUL", 7.79], "201700290": ["PRINCE", 5.13], "201700291": ["REBECCA SHRUTI SOREN", 8.83], "201700293": ["AREEN SAHU", 9.54], "201700294": ["ASHWIN ADARSH", 9.49], "201700295": ["SHARADIA CHOUDHURY", 9.42], "201700296": ["PALAK AGARWAL", 9.72], "201700298": ["RITHIK KAILASHCHAND CHAUDHARY", 8.03], "201700299": ["PRATYUSH KASHYAP", 6.51], "201700300": ["RUPAM UPADHYAI", 5.2], "201700301": ["SANAKKAYALA ESWARA VENKATA SAI PRAMOD", 7.8], "201700303": ["ANKITESH RAJ", 6.63], "201700304": ["AYON SHARMA", 7.49], "201700306": ["NIKHIL GAUTAM", 6.67], "201700307": ["BANDLA SAI RAMYA KAMALI", 9.25], "201700309": ["SAYAN CHATTERJEE", 6.64], "201700311": ["ADARSH ANAND", 7.63], "201700313": ["DEBADITYA MOITRA", 6.4], "201700315": ["NIMISH BHARDWAJ", 7.51], "201700316": ["AYUSH KUMAR", 8.26], "201700317": ["AYUSH RAI", 7.11], "201700318": ["KOTARI LAKSHMITA", 8.65], "201700319": ["VEDANT N PATEL", 8.7], "201700320": ["ZEESHAN ALI KHAN", 6.94], "201700321": ["NIKHIL KERKETTA", 8.2], "201700322": ["AYUSHMAN RAJ", 7.72], "201700323": ["RAHUL DANGI", 6.22], "201700324": ["JAHNU PRAN LAHKAR", 6.53], "201700325": ["ABHISHEK MANGAL", 7.74], "201700326": ["NISHANT GUPTA", 8.0], "201700328": ["VAIBHAV SINGH", 6.71], "201700329": ["TUHINANGSHU ADITYA", 5.72], "201700330": ["PRANSHU DATTA", 7.77], "201700331": ["PUSHKAR SRIVASTAVA", 5.88], "201700332": ["REWA SINGH CHAUHAN", 9.11], "201700335": ["RAMAN VERMA", 6.58], "201700336": ["ABHAY KUMAR GUPTA", 8.35], "201700338": ["RAVI ANAND", 8.38], "201700340": ["RAVI KUMAR", 7.19], "201700342": ["NANDITA SARKAR", 8.61], "201700345": ["DIPTESH DUTTA", 8.79], "201700347": ["ADYASHA TRIPATHY", 6.61], "201700349": ["BIDISHA BORGOHAIN", 8.13], "201700350": ["PRAVEEN RAJ M", 8.83], "201700351": ["MOHAMMAD SHAIQUE IFTEKHAR ALAM", 7.42], "201700353": ["RUDRANI RAMAKANT BAHURUPI", 6.69], "201700357": ["DIKSHIT ASHUTOSH", 7.93], "201700359": ["AKHIL RANA", 8.11], "201700361": ["PRATYANSHI CHATURVEDI", 6.55], "201700362": ["PRATYASHI DUTTA", 8.56], "201700363": ["SHARMISTHA BHATTACHARJEE", 4.87], "201700364": ["DIPAYAN PAUL", 4.61], "201700365": ["ANKIT SHRIVASTAVA", 5.41], "201700368": ["VENKTESH KUMAR", 7.96], "201700369": ["SUYASH GUPTA", 7.12], "201700371": ["TWINKLE SHARMA", 9.41], "201700372": ["MAINAK BHOWMICK", 7.31], "201700379": ["PARTH RASTOGI", 7.19], "201700381": ["KRISHNA SHANKAR KARAJAGI", 7.34], "201700382": ["LAKSHIT AGARWAL", 8.28], "201700383": ["YSVB PRAKASH REDDY", 5.6], "201700384": ["SHASHWAT TYAGI", 6.45], "201700386": ["SHUBHAM MITTAL", 7.58], "201700388": ["HIMANSHU SHARMA", 6.59], "201700391": ["NIHARIKA RAJESH MODI", 8.5], "201700392": ["VAIBHAV RATHORE", 6.88], "201700395": ["YASHARTH GUPTA", 7.2], "201700396": ["SOFI PRADEEP BHADANI", 7.37], "201700397": ["AYUSH RAJ SINGH", 6.97], "201700398": ["ARJUN SINGH ROPERIA", 6.24], "201700399": ["DUSHYANTH CHOWDARY Y", 2.79], "201700400": ["AADHAR GUPTA", 7.63], "201700401": ["ASTHA SINGH", 7.17], "201700402": ["SANGHAMITRA DUTTA", 7.51], "201700403": ["ADHYYAN  TRIPATHI", 8.25], "201700404": ["SHREESH NARAYAN SINGH", 9.51], "201700405": ["TANMOY LAHKAR", 6.04], "201700408": ["ADITI HEMANT GAIKWAD", 8.11], "201700409": ["RASHIKA ARUN", 6.69], "201700411": ["SUMAN MOHANTY", 7.1], "201700412": ["NEERAJ VIJAY WEDHANE", 6.6], "201700413": ["MOHIT SRIVASTAVA", 7.05], "201700415": ["DIPKONA ROY", 7.39], "201700417": ["ARITRO BANDYOPADHYAY", 6.67], "201700418": ["UTSAV KUMAR", 7.77], "201700419": ["MARSHA MAHTAB", 7.16], "201700421": ["AAYUSH KUMAR DAS", 6.49], "201700422": ["AVIJIT DEB", 6.67], "201700423": ["AAKASH KUMAR", 9.44], "201700424": ["AMBARISH DUTTA", 8.25], "201700425": ["RISHAV SINHA", 6.12], "201700426": ["ARINDAM ARYA", 5.49], "201700427": ["VISHWA VIJAY SINGH", 6.91], "201700428": ["MAHUL RANA", 6.99], "201700429": ["DEEPRO ABHIJIT BANERJEE", 5.52], "201700430": ["KUMAR AVI ADITYA", 7.73], "201700432": ["SAMRAT HALDAR", 3.44], "201700433": ["UTSAV DUBEY", 7.73], "201700434": ["RAGHAV ANAND", 6.17], "201700435": ["HARDIK SARAF", 5.53], "201700437": ["AMAN", 5.57], "201700438": ["APARAJITA DAS", 8.42], "201700439": ["VISHAL PRATAP SINGH", 4.67], "201700440": ["PRITISH MOHANTY", 4.86], "201700441": ["SHUCHI GHANATE", 3.09], "201700443": ["HARSH AGRAWAL", 8.47], "201700444": ["AAKARSH GILL", 7.3], "201700445": ["MANVENDRA SINGH BUNDELA", 3.07], "201700446": ["SOURAV DEY", 4.21], "201700450": ["BURHAN JAVAID RESHI", 8.08], "201700451": ["SAURABH SUMAN", 5.8], "201700452": ["BHAGWATI DANGI", 8.16], "201700453": ["ABHAY KUMAR", 3.36], "201700456": ["NEHAL SHAQUIB", 7.95], "201700459": ["MOHAMMED OSAID KAMAL", 6.26], "201700460": ["ANUBHAV KAR", 6.61], "201700461": ["SAKET KUMAR JHA", 6.0], "201700463": ["AKASH TIWARY", 5.81], "201700466": ["ADITYAA ANAND", 6.32], "201700467": ["NIKHIL KUMAR", 7.57], "201700468": ["UDDHRITI DEBBARMA", 7.55], "201700470": ["DEBASHIS KALITA", 6.3], "201700472": ["AKASH RAJ", 2.78], "201700474": ["AMBUJ YADAV", 7.42], "201700475": ["PANKAJ TIWARI", 7.14], "201700476": ["VIPIN SYAM", 8.56], "201700477": ["PALLERLA GOPI REDDY", 7.18], "201700478": ["BANERJEE SHUBHANKAR", 5.31], "201700483": ["ANSHUMAN SINGH", 6.06], "201700484": ["VASUDEV GUPTA", 6.99], "201700485": ["RISHABH YADAV", 7.13], "201700486": ["LOVEDEEP SINGH", 3.97], "201700487": ["ANKIT KHALKHO", 8.29], "201700488": ["MANISH SRIVASTAVA", 7.13], "201700489": ["ADARSH KUMAR RAI", 4.54], "201700490": ["KRISHNA KANTH RATHI", 5.17], "201700491": ["CHANDRASALI LAXMAN VIVEK", 6.67], "201700493": ["RITHIKA BAZAR", 4.67], "201700494": ["SWAROOP KUMAR GUPTA", 7.22], "201700496": ["S.M. QAMAR HAYAT", 6.72], "201700497": ["PIYUSH PRIYADARSHI", 7.7], "201700498": ["KARTHAVYA MAROJU KIRAN KUMAR", 4.16], "201700499": ["SIMRAN SINGH", 6.72], "201700500": ["ANKIT YADAV", 5.78], "201700501": ["MUTUPURI ANU ABHIVARYA", 0.67], "201700502": ["YASH KUMAR", 2.79], "201700503": ["APURV RAJ", 7.31], "201700504": ["AMIT BARLA", 7.01], "201700505": ["PRANAY AJITH KUMAR", 6.21], "201700507": ["RAHUL SHRIVASTAVA", 4.43], "201700509": ["SIBJI RABI DAS", 7.78], "201700510": ["BADICHAPTA DEKA BARO", 7.77], "201700511": ["RAMDINMAWII", 5.47], "201700512": ["LIPO PUSANG", 6.07], "201700513": ["KRITIKA GARG", 8.92], "201700514": ["AKASH VARMA", 5.03], "201700515": ["Anamitro Mondal", 4.53], "201700516": ["ATHARVA VIJAY SUTAR", 2.3], "201700517": ["HRASHIKESH TIWARI", 7.18], "201700518": ["RHONIT MANDAL", 1.72], "201700520": ["SAJAL SHEKHAR", 7.08], "201700522": ["PRANAY KOTHARI", 4.67], "201700523": ["SHARMA NIKHIL UMAKANT", 7.49], "201700524": ["SHREYA SAKSHI", 7.41], "201700525": ["DHRUV PARASHAR", 4.22], "201700526": ["MIDO LIBANG", 4.7], "201700527": ["SUMAN DHAKAL", 7.13], "201700528": ["SAMBIT MUKHERJEE", 7.08], "201700529": ["LITISHA MOHAPATRA", 9.24], "201700531": ["AKASH PRASAD", 8.01], "201700532": ["SHIVES SINGH", 8.98], "201700533": ["RAPHROZHIIO  PUCHE", 7.38], "201700534": ["LANGLENTHOIBI WAIKHOM", 8.58], "201700535": ["KISHAN KUMAR", 7.45], "201700536": ["PRIYA PRADHAN", 7.0], "201700537": ["JYOTI RAI", 6.62], "201700538": ["RITIKA SAINI", 8.53], "201700542": ["CYRUS PRADHAN", 8.31], "201700543": ["ADARSH NIROLA", 5.78], "201700545": ["VARUN GIRI", 5.67], "201700546": ["JOHN ?DARNAL", 4.94], "201700548": ["TASHI DOMA SHERPA", 7.96], "201700549": ["LENDUP LEPCHA", 8.66], "201700550": ["PRADEEP THAPA", 6.75], "201700552": ["SAROJ THAPA MANGER", 7.48], "201700554": ["PALZANG DENZONGPA", 7.63], "201700555": ["BIDHISHA CHETTRI", 6.83], "201700556": ["ANUSHA NAMPALLY", 9.1], "201700557": ["PRASHANT KISHORE", 5.76], "201700558": ["L SHARANYA", 6.28], "201700559": ["ANIKET BASNETT", 4.35], "201700560": ["RAVI PRASAD", 6.38], "201700561": ["JYOTIRMAY SINHA", 2.14], "201700563": ["SANJEETA", 6.87], "201700564": ["SHOURAV MISHRA", 6.85], "201700565": ["PUJAN BHETWAL", 6.97], "201700566": ["KUSANG THEBE", 5.56], "201700568": ["KARMA KUNZANG TENZING BHUTIA", 5.58], "201718535": ["YESWANTH GURUNG", 5.65], "201718536": ["CHANGCHUP WOESER BHUTIA", 4.11], "201718537": ["BENAY TAMANG", 5.48], "201718540": ["ADARSH SUBBA", 6.68], "201718541": ["PRIYANKA SARMA", 6.64], "201719001": ["RAPTEN NAMGYAL WANGDI", 7.88], "201719003": ["KRISHMAND CHETTRI", 6.12], "201719005": ["MADHU CHETTRI", 8.04], "201719006": ["RAHUL RAJ", 1.54], "201719007": ["MUIGOOM SUBBA", 6.83], "201719008": ["SHIVA BALAK SHA", 5.71], "201719010": ["PREETY  SANKAR", 8.0], "201719011": ["NANG ARITA LONGKAN", 5.67], "201719012": ["SHIVAM KR. JAIN", 6.17], "201719013": ["RUBINA PRADHAN", 6.38], "201719014": ["ARJAMA  CHHETRY", 7.0], "201719016": ["Ujjwal Pradhan", 3.57], "201719017": ["VIDYA TIWARI", 5.54], "201719018": ["WASIM AHMED", 6.92], "201719019": ["SHANTAM AYUSH", 5.42], "201719020": ["ABHISHEK TAMANG", 7.79], "201719021": ["KETAN KUMAR", 5.62], "201719022": ["MAYANK ANAND", 7.67], "201719023": ["ASWIN PANDEY", 7.29], "201719024": ["UDAI SUBBA", 7.88], "201719025": ["ISHAL PRADHAN", 6.42], "201719026": ["NIKITA LAISHRAM", 5.42], "201719028": ["AAYUSH TIWARY", 8.46], "201719029": ["SUMIRAN GURUNG", 5.71], "201719030": ["NIVEDIT PRADHAN", 6.83], "201719031": ["SWATI KUMARI", 6.79], "201719034": ["SAAYAM SHARMA", 5.42], "201719035": ["SHAAN MANI SINGH", 5.17], "201719037": ["MAHEK POPLI", 6.96], "201719039": ["PRAMOD ADHIKARY", 3.42], "201719040": ["BADAL DAHAL", 5.25], "201719042": ["NEETU BHUJEL", 5.54], "201719044": ["KHELENA RAI", 6.54], "201719045": ["SUNITA SUBBA", 5.71], "201719047": ["TUSHAR DIXIT", 6.42], "201719048": ["KAMAL PRASHAD SHARMA", 6.08], "201719049": ["DIPANKAR BASUMATARY", 4.29], "201719050": ["SURAJ KUMAR", 5.67], "201719051": ["UTKARSHA BANIYA", 5.83], "201721201": ["SMYRNA MARY RAI", 7.59], "201721202": ["NANDU BHANDARI", 6.95], "201721203": ["POOJA CHATTERJEE", 6.82], "201721204": ["LOK NATH DULAL", 6.04], "201721205": ["SHOBHIT SHARMA", 7.61], "201721206": ["PRAVA ADHIKARI", 7.25], "201721207": ["JEENA SUBEDHI", 7.14], "201721208": ["MARTHA BASNETT", 7.15], "201721209": ["ANUP ACHARYA", 6.36], "201721211": ["ADITYA GURUNG", 6.39], "201721212": ["DEEPENDRA CHHETRI", 7.37], "201721213": ["SUMIT SIRUPALI", 7.28], "201721214": ["SURAJ BASNETT", 6.75], "201721215": ["AMIT POUDYAL", 7.9], "201721216": ["SUSMITA CHETTRI", 8.21], "201721217": ["DEEPEN BHATTARAI", 7.61], "201721219": ["BIBEK MISHRA", 6.6], "201721220": ["NIKITA CHHETRI", 6.91], "201721221": ["GOPAL SHARMA", 6.6], "201721222": ["ANISH RAJAN", 7.04], "201721223": ["NEEDIA SHARMA", 8.33], "201721224": ["MADAN GURUNG", 8.09], "201721225": ["SMITA RAI", 4.88], "201721226": ["SWAITA PRADHAN", 7.53], "201721301": ["NEHA GUPTA", 8.39], "201721302": ["ROSHNI CHETTRI", 7.0], "201721303": ["ARPANA SHARMA", 6.53], "201721304": ["MISMA LIMBOO", 7.67], "201721305": ["PRASHANTH GURUNG", 8.65], "201721306": ["INA DEVI CHETTRI", 7.54], "201721307": ["DHURBA POUDYAL", 9.07], "201721308": ["CHANDRA BAHADUR BASNET", 7.74], "201721309": ["SAYAN SHARMA", 9.22], "201721310": ["SUJATA ADHIKARI", 7.4], "201721311": ["ANINDITA BORA", 8.59], "201721312": ["AANG DAWA SHERPA", 7.77], "201721314": ["MEGHNA KHADKA", 9.88], "201721315": ["SUPRATIM KHATONIAR", 8.58], "201721316": ["PANKAJ BORDOLOI", 7.72], "201721317": ["BITUPON BORA", 8.85], "201721318": ["MANAS JYOTI GOGOI", 8.63], "201721319": ["MRINMOY SARMAH", 7.89], "201721320": ["NORCHENLA DOLKAR NAMKA", 8.36], "201721321": ["ROODRA LAL CHETRY", 8.38], "201721401": ["RITA NEPAL", 7.09], "201721402": ["DURGA PRASAD CHAPAGAI", 7.72], "201721403": ["BIPANA RAI", 5.15], "201721405": ["PRAKASH PRADHAN", 9.5], "201721406": ["RUCHI THAPA", 6.24], "201721407": ["GITA DEVI SHARMA", 5.91], "201721408": ["KUSUM CHETTRI", 6.85], "201721409": ["SUDARSHAN CHETTRI", 5.76], "201721410": ["ANJAN GAUTAM", 7.96], "201721411": ["INDRA CHETTRI", 5.24], "201721413": ["GAURAV THAPA", 9.52], "201721414": ["PURAN THAPA", 5.93], "201721415": ["BHIM KUMAR CHHETRI", 6.98], "201721416": ["DHARNIDHAR SHARMA", 6.39], "201722001": ["SUNNY PRADHAN", 7.28], "201722002": ["ANURAG RAI", 5.89], "201722004": ["PAVEL BISWAS", 7.72], "201722005": ["AMRITA KUMARI SINGH", 4.63], "201722514": ["NAYAN SUNAR", 7.63], "201723001": ["SOHINI GHOSH", 8.57], "201723002": ["PARIKSHIT SHARMA NEOPANAY", 6.24], "201723003": ["MOMI BHARALI", 7.21], "201723004": ["PRANESH RAI", 6.16], "201723005": ["SAURAV SUBBA", 6.14], "201723006": ["SWADHIN GURUNG", 4.95], "201723007": ["HEMANTA UPADHYAY", 9.61], "201723008": ["ANMOL PRADHAN", 6.45], "201723010": ["SOURAV DAS", 8.34], "201723012": ["APARNA SIL", 9.05], "201723013": ["AVINASH KHARDKA", 7.47], "201723014": ["RUVEENA SUBBA", 8.99], "201723016": ["CHARITARTNA PRADHAN", 6.22], "201723017": ["SONAM CHODEN BHUTIA", 6.8], "201723018": ["VARUN RAI", 6.79], "201723019": ["DIMPY KUMARI", 8.39], "201723020": ["ARPAN RAI", 8.64], "201723021": ["ARPAN PRADHAN", 6.21], "201723022": ["AMIT PRASAD GUPTA", 8.58], "201723023": ["AKASH DEEP MUKHIA", 7.84], "201723024": ["SUSHMITA PRADHAN", 6.5], "201723025": ["SUPRIYA SUBBA", 7.28], "201723026": ["PRABHAKAR BHUJEL", 5.85], "201723027": ["SONAM DADUL BHUTIA", 6.99], "201723028": ["ISHRAT ARA KHANAM", 8.04], "201723029": ["SAGAR RAI", 6.31], "201723030": ["DEV JYOTI RAJ", 5.47], "201723031": ["SEONG LEPCHA", 7.35], "201725001": ["AAMIR HAIDER", 8.28], "201725002": ["ABHINAV ANAND", 8.23], "201725005": ["DHERENDRA BHATTARA", 9.05], "201725006": ["TENPA RAPGAY SHERPA", 7.44], "201726001": ["Abinash Thapa", 9.41], "201800001": ["SUVAM MAITY", 4.18], "201800002": ["AMIT KUMAR BYAHUT", 6.03], "201800003": ["LAKSHYA THAPA", 6.46], "201800004": ["SWAR MEHTA", 3.75], "201800005": ["ADITYA SINGH RANA", 6.72], "201800006": ["KRITARTHA PATOWARY", 8.16], "201800007": ["PRANGAN KASHYAP", 8.21], "201800008": ["ARINDAM CHALIHA", 8.55], "201800009": ["SUMIT GUPTA", 0.95], "201800010": ["BISHAL BHATTACHARJEE", 6.67], "201800012": ["ADRIAN MACILWAINE", 3.01], "201800013": ["ABHISEK KUMAR PRASAD", 7.58], "201800014": ["AMARSHREE BHARADWAJ", 7.09], "201800015": ["ADITYA SINGH", 7.16], "201800016": ["GYANDEEP SARMAH", 6.78], "201800017": ["MRINAL PRADHAN", 5.61], "201800018": ["MEGHNA PRADHAN", 8.43], "201800020": ["HARSH KUMAR PANDEY", 7.95], "201800021": ["SASHANK SHARMA", 6.72], "201800022": ["ABHINAV CHANDRA JHA", 1.11], "201800023": ["VISHAL RAJ KASHYAP", 6.82], "201800024": ["SUCHISMITA PAUL", 4.63], "201800025": ["NIKHIL PRADHAN", 6.34], "201800026": ["AKSHAT DWIVEDI", 5.01], "201800027": ["PRAGYA MISHRA", 6.74], "201800028": ["AYUSH TIWARI", 6.89], "201800029": ["BIGNESWAR PRADHAN", 5.14], "201800030": ["ABING DOKA", 4.18], "201800031": ["SWATI SHARMA", 4.67], "201800032": ["DEBANGAN DEB", 1.14], "201800033": ["ANUSHKA DAS", 7.79], "201800034": ["Vishwajit Kumar", 6.58], "201800036": ["BHAGYA LAKSHMI", 8.79], "201800037": ["SANDESH PRADHAN", 7.58], "201800038": ["RICHIK GUHA", 7.87], "201800039": ["APURV SHUKLA", 2.62], "201800041": ["RAJ THAPA", 4.66], "201800042": ["AMIT KUMAR", 6.99], "201800043": ["SAURAV KUMAR BHUSHAN", 7.03], "201800044": ["MANAV TYAGI", 9.21], "201800045": ["VINAY MADDHESHIYA", 4.38], "201800046": ["AMAN SRIVASTAVA", 5.45], "201800047": ["SUDHANSHU DOTEL", 7.49], "201800048": ["MOHD ZAID", 3.63], "201800050": ["TONMOY GAUTOM", 7.93], "201800051": ["ARADHIT DAS", 9.7], "201800052": ["KSHITIZ MITTAL", 1.04], "201800054": ["MD DILWAR HUSSAIN", 3.93], "201800055": ["HARSHVARDHAN ANAND", 9.42], "201800056": ["VIBHUTI SHARMA", 6.82], "201800058": ["SRIDEEPTA SARKAR", 9.16], "201800059": ["DIXITA DEVI", 9.61], "201800065": ["SHAYANTAN DUTTA CHOUDHURY", 9.41], "201800066": ["DEBASHISH GOGOI", 7.43], "201800067": ["YUMN GAUHAR", 7.8], "201800068": ["RIZWAN ALI", 6.2], "201800069": ["KUSHAGRA KUMAR", 0.0], "201800071": ["TUSHAR NAYAN", 8.5], "201800073": ["SHREYA HALDER", 4.16], "201800074": ["NITISH KUMAR", 6.16], "201800075": ["PURBASHA BANAI", 5.66], "201800077": ["ARANYA JHA", 9.41], "201800078": ["SAYAN BHATTACHARJEE", 8.39], "201800080": ["SURAJ KUMAR OJHA", 9.13], "201800083": ["SUBHAJYOTI DAS", 0.0], "201800084": ["YASH H", 7.7], "201800085": ["ADITYA UPADHYAY", 7.82], "201800086": ["Deborshi Deb", 9.13], "201800088": ["praveen sharma", 9.36], "201800089": ["SHAIKH YUSUF NIAZ", 9.84], "201800090": ["PRATYUSH BARUAH", 6.82], "201800091": ["PIYUSH CHANDAN", 8.37], "201800092": ["ANTARA BURAGOHAIN", 8.63], "201800093": ["AYUSHMAN BHARADWAJ", 7.49], "201800094": ["SHUBHANS SHUKLA", 4.67], "201800095": ["SHUBHAM KUMAR", 7.17], "201800096": ["PRAKHAR SHARMA", 8.25], "201800097": ["DEBRAJ DAS", 8.45], "201800098": ["RITWIK RANJAN PANDEY", 9.96], "201800099": ["SOMESH KUMAR", 7.59], "201800100": ["MUDDASSIR HUSSAIN", 7.64], "201800101": ["HARISH CHANDRA DAS", 9.2], "201800102": ["SAAYUJJYA GURUNG", 1.2], "201800103": ["RUPAYAN BHATTACHARJEE", 7.22], "201800104": ["RACHIT RAJALIM RAI", 4.46], "201800106": ["DHARKAN BHATTARAI", 6.45], "201800107": ["ADITI KARMAKAR", 7.86], "201800108": ["GOKARNA SHRESTHA", 6.11], "201800109": ["UDDHAV GUPTA", 5.57], "201800111": ["ROHIT RANJAN", 6.84], "201800112": ["OINDRILLA RAKSHIT", 7.93], "201800115": ["JAPHUNGSAT NARZARY", 8.41], "201800116": ["ARSHYA MUKHERJEE", 5.17], "201800117": ["NEELJIT KUMAR", 4.26], "201800118": ["PEMA NAMGYAL BHUTIA", 4.42], "201800119": ["AMAN AGARWAL", 7.57], "201800122": ["VANSHAJ VIVEK", 4.99], "201800124": ["RIYYA RIBA", 4.46], "201800125": ["AMRIT AMRITESH", 1.26], "201800126": ["DEVANG S KRISHNA", 5.83], "201800129": ["SHIVANSH TRIPATHI", 1.7], "201800131": ["RISHAV RAJ", 4.64], "201800132": ["GOURAV GUPTA", 6.34], "201800133": ["TEJODEEP BOSE", 9.39], "201800134": ["MANJIT CHOUDHURY", 6.72], "201800135": ["MANOJ SINGH", 8.21], "201800139": ["MANAS", 4.61], "201800140": ["ASHISH NEWAR", 7.36], "201800141": ["PRANJALI SANJAY BHOT", 5.71], "201800143": ["NZANO C KIKON", 5.29], "201800144": ["ANUPAM UPADHYAYA", 6.01], "201800145": ["SHIVALIKA MOHAN", 6.0], "201800146": ["SHOVIT TAMANG", 5.18], "201800147": ["ANKIT PANDEY", 5.97], "201800148": ["PIYUSH RANJAN", 7.83], "201800149": ["SHASHWAT KUMAR", 6.55], "201800150": ["SRIJAN BAGDAS", 7.71], "201800151": ["JASMINE PRASAD", 7.97], "201800152": ["NANSI BEGAM", 7.46], "201800155": ["SAMRAT SARKAR", 5.7], "201800156": ["DIPANJAN PAUL", 6.63], "201800157": ["YANGKEELA ETHENPA (BHUTIA)", 7.95], "201800158": ["RAGHUNANDAN CHAUDHARY", 8.33], "201800159": ["KANISHK ARYA", 1.82], "201800160": ["RICHIK CHOWDHURY", 8.47], "201800166": ["ANJULI  KONSHAM", 6.62], "201800167": ["AKRAM RAZA", 3.95], "201800168": ["BATCHALA RAVI TEJA", 6.86], "201800170": ["ABHIGYAN SRAIVASTAVA", 3.58], "201800171": ["AYUSHI", 9.13], "201800172": ["UTKARSH SHARMA", 7.91], "201800173": ["UPANSI", 6.7], "201800174": ["RETASH PRADHAN", 6.16], "201800176": ["SUBASH CHETTRI", 4.3], "201800178": ["NILAY GUPTA", 7.92], "201800180": ["ANAND JEE", 1.66], "201800181": ["VININO KHIEYA", 7.5], "201800182": ["MANAB DEY", 6.54], "201800183": ["SURAJ KHATI", 7.57], "201800185": ["RIYA", 6.91], "201800186": ["ABHIGYAN JHA", 3.24], "201800187": ["YANANG B KONYAK", 6.39], "201800188": ["BAIBHAV KUMAR", 6.45], "201800190": ["PREETI DAS", 8.7], "201800191": ["SANJU KUMAR GIRI", 8.54], "201800192": ["KUBER SAI PRABHU KANADE", 6.22], "201800194": ["SUNANDA  MIR  DUTRAJ", 7.79], "201800195": ["NIKUNJ BAID", 7.58], "201800196": ["Lukter Dubi", 3.34], "201800197": ["EASHANA", 8.39], "201800198": ["MANISH KUMAR SAH", 6.66], "201800199": ["MAYANK SUNIL PAGAR", 9.29], "201800200": ["SHIVAM SINGH", 7.58], "201800201": ["ROHAN GHIMIRE", 5.42], "201800202": ["SEEMANT SINHA", 8.72], "201800203": ["BISHAL SARKAR", 7.88], "201800204": ["AMAN KUMAR", 6.51], "201800205": ["VIVEK KUMAR PRASAD", 7.71], "201800206": ["PRASOON PATEL", 8.09], "201800208": ["ADITYA ARYA", 7.79], "201800209": ["NARALA SETTI SHANMUKHESWARI", 6.82], "201800210": ["JAI SRIVAN PADALA", 2.34], "201800211": ["SURAJ SHARMA", 6.59], "201800213": ["SIDDHARTH HAJONG", 2.33], "201800215": ["ADITYA SINGH", 4.96], "201800216": ["K S ADITYA VARMA", 5.2], "201800217": ["SHREYANSH ARUN GUPTA", 8.59], "201800218": ["NILESH ASHOK KUMAR RAJ", 9.3], "201800220": ["SUSHANT BHUSHAN", 6.11], "201800221": ["AYUSH", 7.72], "201800222": ["RAUSHAN KUMAR KHETAN", 7.43], "201800223": ["SUSHANK RAJ", 5.93], "201800226": ["AMARDEEP MISHRA", 4.75], "201800227": ["RISHAV VERMA", 7.36], "201800228": ["HRITIK RAJ", 9.0], "201800229": ["PRAKHAR TIWARI", 6.97], "201800230": ["SHIVAM SAHU", 3.47], "201800231": ["TRISHITA SAHA", 7.45], "201800232": ["RAHUL CHOUDHARY", 7.08], "201800233": ["NILAY BHATNAGAR", 5.12], "201800234": ["GAURAV KUMAR", 7.46], "201800236": ["DHRUBA JYOTI CHOUDHURY", 7.61], "201800238": ["DIVYA ANAND SHRIVASTAVA", 6.24], "201800239": ["BISWA PRAKASH SHARMA", 7.41], "201800240": ["ELIKE HARI KIRAN BABU", 7.8], "201800241": ["SANKALP TIRWA SUNAR", 6.72], "201800242": ["SUBHAM JAIN", 8.89], "201800243": ["BIBHUTI BHUSHAN BEHERA", 5.82], "201800244": ["HOSINUR RAHAMAN SHEIKH", 6.29], "201800245": ["RICHA VERMA", 9.17], "201800246": ["SUSMITA BORO", 6.34], "201800247": ["SAURAV BHARTI", 8.96], "201800248": ["PUNOL NORZAT", 4.86], "201800249": ["ANIKIT ANAND", 5.83], "201800250": ["PUSPANJALI PRADHAN", 4.95], "201800251": ["RANJAN KUMAR", 5.62], "201800252": ["SUBHADEEP GHOSH", 4.97], "201800253": ["NABIGANI SRINIVAS", 6.71], "201800255": ["RAHUL NARESH KHICHI", 3.03], "201800256": ["RUPALI SINHA", 3.62], "201800258": ["FAUJVEER SINGH", 8.8], "201800259": ["ANSHUL PANDEY", 6.72], "201800260": ["AMAN SINGH", 5.43], "201800261": ["AISHEE BHATTACHARYA", 7.32], "201800262": ["RIJO RIBA", 6.95], "201800263": ["TARIQUE ANWAR", 8.67], "201800265": ["PULIGOWNI PAVAN KALYAN", 5.74], "201800266": ["JOSHNA KOTHA", 6.41], "201800267": ["ARINDAM MUKHERJEE", 7.7], "201800271": ["INDIRA S", 9.78], "201800272": ["SHRESTHA SARDA", 1.93], "201800274": ["SUNIL  MINTRI", 8.36], "201800275": ["SIDDHARTH JOSHI", 3.05], "201800276": ["PRAGYA JAISWAL", 5.72], "201800278": ["KURUBA ANANTH K. ANIRUDH", 8.17], "201800280": ["SAHIL LIMBOO", 6.5], "201800281": ["AMISHA SINGH", 8.88], "201800282": ["RISHABH KUMAR", 1.95], "201800283": ["SHREYANSH ALOKKUMAR SHUKLA", 8.45], "201800284": ["ANKUR BYAHUT", 5.08], "201800285": ["AMIT KUMAR CHAUDHARY", 7.61], "201800286": ["SANJEET KUMAR", 7.43], "201800288": ["SAKSHAM AMAR", 8.78], "201800289": ["SUBHASISH KARMAKAR", 9.53], "201800290": ["SHASHANK SAXENA", 4.91], "201800291": ["SUMIRAN PRADHAN", 9.47], "201800292": ["NILKANT SINGH", 6.7], "201800293": ["TUSHAR VASUDEV", 5.32], "201800294": ["DEEPAK SINGH", 6.01], "201800295": ["Gaurav Kumar", 8.43], "201800296": ["AAKANKSHA DUBEY", 6.41], "201800297": ["DEBJYOTI SEN", 5.63], "201800298": ["VEDANT", 2.63], "201800299": ["SIDDHARTH POPLI", 4.21], "201800300": ["JALAJ PRADHAN", 6.26], "201800301": ["ARPIT GUPTA", 0.0], "201800302": ["SUSANGNA KARANUR", 6.55], "201800304": ["MD SAMIR HUSSAIN", 2.8], "201800305": ["PRATIK PRADHAN", 7.33], "201800306": ["RITVIK KUMAR", 7.62], "201800307": ["SIDDHARTH CHHETRI", 8.18], "201800308": ["NISHITA SHARMA", 8.07], "201800309": ["MANDEEP GUPTA", 2.11], "201800310": ["SHAHIL RAI", 5.22], "201800311": ["PONNAPALLI PRAVALLIKA", 6.87], "201800312": ["ADWITI DAHAL", 6.72], "201800313": ["MUKSAM LIMBOO", 5.33], "201800314": ["ANIRUDDH KUMAR KANAK", 3.58], "201800315": ["ANCHITYA", 5.99], "201800316": ["IRENE SUBBA", 7.84], "201800317": ["ASHISH SAHA", 9.28], "201800318": ["SIDDHARTH BASNET", 6.47], "201800320": ["Rinchen Palzong Bhutia", 5.34], "201800322": ["BINAY KUMAR GUPTA", 6.29], "201800324": ["NITEN PRADHAN", 5.21], "201800326": ["PRAGYAN PANDEY", 8.99], "201800328": ["MD SAIF ALI ANSARI", 7.04], "201800329": ["DEBASISH MEDHI", 3.54], "201800330": ["PRAVIN RAMUDAMU", 6.64], "201800331": ["MD AMAANUL HAQUE", 9.59], "201800333": ["ASHIS TIWARI", 8.71], "201800334": ["DEV PRADHAN", 3.34], "201800335": ["ZEESHAN ALI", 5.26], "201800336": ["HARSHAJYOTI DAS", 4.59], "201800337": ["ARIJIT MONDAL", 6.39], "201800338": ["RITURAJ CHOUDHURY", 5.28], "201800339": ["RAVI RAUSHAN", 1.22], "201800340": ["UDDIPTA MAHANTA", 7.46], "201800341": ["DISHA BHATTACHARYYA", 9.39], "201800343": ["ASHISH KUMAR", 1.95], "201800344": ["ABDUL BASIT", 8.2], "201800345": ["SWAPNIL KUNKAL", 5.66], "201800451": ["SANMOY DEV PURKAYASTHA", 6.41], "201800452": ["ABRAHAM SUGIRTHAN V", 1.26], "201800453": ["SANXCHEP SHARMA", 6.67], "201800454": ["VIBHANSHU MISHRA", 7.83], "201800455": ["DEVANANDINI DEY", 7.82], "201800456": ["RAHUL KUMAR SHARMA", 6.45], "201800457": ["PRATAP SIKDAR", 6.71], "201800458": ["LOHIT PAUL", 5.91], "201800459": ["VAIBHAV KAUSHIK", 8.78], "201800460": ["MAYANK SHARMA", 7.42], "201800461": ["ARYAN FELIX", 8.57], "201800462": ["PIYUSH BIST", 6.55], "201800463": ["AYUSH PRASAD", 6.75], "201800464": ["PRAMIT PUJARA", 9.25], "201800465": ["KUMAR VISHAL", 6.05], "201800466": ["ISHAAN PAHWA", 7.12], "201800467": ["AKANSHA SINHA", 6.95], "201800468": ["ANAMITRA GHORUI", 9.62], "201800469": ["HARSH", 8.82], "201800470": ["SOHAM DAS", 6.88], "201800471": ["AAYUSH KUMAR JHA", 7.58], "201800472": ["AMAN SHRIVASTAVA", 6.55], "201800474": ["ABEER SINGH", 5.5], "201800475": ["AMIT KUMAR VERMA", 6.13], "201800476": ["KRITI SHARMA", 6.36], "201800478": ["SIDDHATRI MATHUR", 7.78], "201800481": ["VISHESH DAHIMA", 6.57], "201800482": ["ASHISH DEV NAGAR", 9.62], "201800483": ["MAHIMA YADAV", 7.33], "201800484": ["VIVEK CHIKKALA", 5.78], "201800485": ["PRATEEK MAHINDRAKAR", 3.09], "201800487": ["AVIRUP MAITY", 5.34], "201800488": ["ADITI BANSAL", 8.78], "201800489": ["DEVANSHU GUPTA", 6.84], "201800490": ["HITESHI SINGHAL", 9.61], "201800491": ["SRIJAN SINGH", 8.29], "201800492": ["AADITYA KUMAR", 6.53], "201800493": ["HARSHIL SAH", 8.03], "201800494": ["HARSH KUMAR", 8.45], "201800495": ["GOTTIPATI SRIRAM", 6.04], "201800496": ["RAHUL KUMAR SINGH", 7.51], "201800497": ["JINEN ALPESHKUMAR MODI", 7.33], "201800498": ["AKSHAY KUMAR", 6.92], "201800499": ["SHEKHAR SEN", 8.34], "201800500": ["KRITIKA BERRY", 9.17], "201800501": ["NILESH SUMERSINGH RAJPUROHIT", 5.92], "201800505": ["NISTHA RAJ", 8.68], "201800506": ["ADITYA ANAND", 8.38], "201800507": ["AAYUSH RAJAT KESARWANI", 6.75], "201800508": ["AYUSH RAINA", 7.7], "201800509": ["SIDDHARTH OJHA", 8.28], "201800510": ["SHREYA SENGAR", 6.26], "201800512": ["RHYS RAHMAN", 5.63], "201800513": ["ARIJEET RAKSHIT", 9.84], "201800514": ["SHIRSENDU MISRA", 6.53], "201800515": ["PRANAY BARLA", 5.37], "201800516": ["DIVYANSH BHAGERIA", 8.46], "201800517": ["RACHIT JAIN", 8.91], "201800518": ["ROHIT RANJAN", 6.66], "201800519": ["ABHINAV SHARMA", 6.58], "201800520": ["SHAADMAAN ADIL RAZA", 6.75], "201800521": ["PILLA ABHISHEKA CHANDRA", 7.13], "201800522": ["SHREYANSH KUMAR SINHA", 7.49], "201800523": ["SWAGAT PANDA", 9.66], "201800524": ["HARSHVARDHAN AGARWAL", 9.59], "201800526": ["VINAYAK SRIVASTAVA", 5.89], "201800527": ["ROUNAK GHOSAL", 0.0], "201800528": ["DHRUV KUMAR JHA", 8.21], "201800529": ["ANANDA KRISHNAN S", 7.04], "201800531": ["SREE RAGA LAHARI GUTTIKONDA", 6.55], "201800532": ["KHAN NAMEER", 7.24], "201800533": ["JISHNUDEEP BHATTACHARJEE", 9.8], "201800534": ["ATHARVA VINAY PANDE", 7.63], "201800535": ["RAGHAV KHANDELWAL", 3.93], "201800536": ["JASKARAN SINGH REEN", 7.49], "201800537": ["SAMAKSH MALHOTRA", 4.7], "201800538": ["YASHI DHAWAN", 6.42], "201800539": ["KUMARI AYUSHI SINHA", 9.37], "201800540": ["BALRAJ JHA ANAND", 7.76], "201800541": ["PRAJAKTA SUDHIR GHORPADE", 9.04], "201800543": ["PRATYUSH SHARMA", 9.26], "201800544": ["PASHAM THARUN REDDY", 8.24], "201800545": ["SHAIVYE SINGH", 8.45], "201800546": ["AVIGYAN ARNAV PATOWARY", 7.84], "201800547": ["BHASKAR ACHARYA", 8.21], "201800549": ["ALANKRITA SINGH", 9.51], "201800550": ["ROHIT AJITSARIYA", 7.33], "201800551": ["KUMAR AYUSH", 7.91], "201800552": ["ANSHU KUMAR", 8.32], "201800553": ["GUDIPATI SUNNIHITH", 7.86], "201800555": ["GOURAV BAID", 6.8], "201800556": ["GATIK MISRA", 9.13], "201800558": ["RISHI BHATNAGAR", 6.11], "201800560": ["PRASHANT RAJ BAJRAY", 6.71], "201800561": ["KETAN RAUNIYAR", 9.64], "201800562": ["MANTHAN SHARMA", 6.91], "201800564": ["AYUSHI PRASAD", 9.59], "201800567": ["MATTAPELLY YUGENDER RAO", 8.78], "201800568": ["NAMAN JAIN", 9.01], "201800569": ["SWARINIM SUDHANSHU", 7.0], "201800570": ["RUMELA GHOSAL", 6.0], "201800573": ["AKSHAT KEDIA", 9.05], "201800575": ["HARSH KUMAR SHARMA", 8.22], "201800576": ["DEEPESH ARSH", 8.07], "201800577": ["JAFAR SADIQUE", 8.13], "201800578": ["GERSHOM RAJIV DIWAN", 6.78], "201800579": ["SRI DATTU BODDA", 3.67], "201800580": ["SHRUTI AVINASH GHORPADE", 8.5], "201800581": ["PRAVEEN KUMAR NIDIDANA", 4.38], "201800582": ["AMBUJ SHEKHAR", 7.3], "201800583": ["SUDIPTA GANGULY", 7.57], "201800584": ["KOPPISETTI SOURAV NAIDU", 3.07], "201800585": ["SIDDHANT KUMAR", 6.22], "201800586": ["SINGAY WANGCHUK", 6.53], "201800587": ["VEDANSH AMBASTA", 5.88], "201800588": ["AMAN SRIVASTAVA", 8.71], "201800589": ["ABHILASH PATEL", 7.29], "201800590": ["ROHAN BARUAH", 4.24], "201800591": ["UMANG TIWARI", 9.88], "201800592": ["NAMAN ARORA", 9.29], "201800594": ["RISHAB AGARWAL", 8.68], "201800595": ["ANIRUDH VENKAT SATYA PAPPU", 7.34], "201800596": ["HARSH SHRINET", 8.21], "201800597": ["SOHAM DE", 6.16], "201800598": ["MEGHRAJ DEVENDRA TANDURKAR", 7.92], "201800601": ["AMISHA AGRAWAL", 9.29], "201800602": ["SAI PRATYUSH VARMA PINNAMARAJU", 8.32], "201800603": ["PALLAV BISHI", 9.14], "201800604": ["KUMAR SUMAN SUBHANKAR", 6.24], "201800605": ["ANANT DAYAL", 7.46], "201800606": ["ADVAIT AJAY GANGOLI", 5.83], "201800607": ["AYUSH BHARDWAJ", 7.54], "201800608": ["HRITIK KUMAR SINGH", 8.14], "201800609": ["LUSH GULATI", 7.91], "201800610": ["TULIP SRIVASTAVA", 9.21], "201800611": ["JAY KUMAR", 9.57], "201800612": ["ADITYA MISHRA", 8.16], "201800613": ["HARSH KUMAR MORANE", 8.13], "201800615": ["MOHIT KUMAR CHOURASIA", 6.63], "201800616": ["ASHUTOSH PANDA", 8.95], "201800618": ["AJIT KUMAR", 2.72], "201800619": ["ANANTIKA SRIVASTAVA", 6.0], "201800620": ["NIHAL PHUKAN", 7.55], "201800621": ["SHIVAM KUMAR", 7.91], "201800622": ["MAYANK KUMAR", 8.18], "201800624": ["CHANDRESH SINGH", 5.97], "201800625": ["AKSHAYA REDDY PULUGU", 7.82], "201800628": ["ROHAN PRASAD", 9.41], "201800629": ["LOKESH KUMAR NALOT", 8.13], "201800630": ["KANGKAN JYOTI RAY", 4.47], "201800631": ["RISHABH", 3.0], "201800633": ["SURAJ KUMAR", 8.7], "201800635": ["AAKARSH CHAUHAN", 7.88], "201800636": ["ISHAAN BILLA", 8.7], "201800637": ["HARSH PAGARIA", 9.33], "201800638": ["SETU PANDEY", 8.96], "201800639": ["PARAG GHOSH", 6.66], "201800640": ["YASH SONI", 8.41], "201800641": ["AMIT BALASAHEB GANGANE", 7.36], "201800642": ["ATHARVA AKSHAT", 8.34], "201800643": ["SHIKHAR DWIVEDI", 6.3], "201800645": ["SAGAR KUMAR", 5.51], "201800646": ["PRIYAVRAT UPADHYAY", 8.39], "201800647": ["ABHISHEK DAS", 7.36], "201800648": ["PINDIPROLU ROSHAN", 5.54], "201800649": ["VASAV RAJ SHUKLA", 6.93], "201800650": ["ABHISHEK RAJ", 5.82], "201800651": ["PRATHAAM MODI", 7.42], "201800653": ["EDWIN JOY", 9.29], "201800655": ["NILAV  SAIKIA", 8.26], "201800656": ["VEDANT SHREEYANSH", 3.22], "201800657": ["RUPAYAN GHOSH", 6.8], "201800658": ["SIVA KARTHIK PRATAPA", 6.57], "201800659": ["AMEY VASANT KUMBHARE", 7.42], "201800660": ["ANURAG RAI", 5.59], "201800661": ["JISHAN MOHSIN YAMANI", 3.79], "201811501": ["AKANASH RAI", 0.33], "201811502": ["SNEHA GUPTA", 6.1], "201811503": ["AMIR DAHAL", 8.23], "201811504": ["KAJAL SUBBA", 6.47], "201811505": ["NITESH RAI", 6.6], "201811506": ["BIPAL KHANAL", 7.87], "201811507": ["UJJAWAL SINGH", 4.57], "201812502": ["DEBADRITA DAS", 4.4], "201813501": ["PRATIKSHA CHETTRI", 7.13], "201813502": ["MONIKA TAMANG", 5.97], "201813504": ["PRATAP SINGH BHATTARAI", 4.0], "201813505": ["AASHISH SUBBA LIMBOO", 6.43], "201813506": ["KUSHAL KOIRALA", 8.2], "201813507": ["TARMIT LEPCHA", 7.17], "201813508": ["ONGMU BHUTIA", 6.53], "201813509": ["ABHISHEK DANGAL", 7.53], "201813510": ["SIMRAN SHILAL", 6.3], "201813511": ["ISMITA BHANDARI", 6.7], "201813513": ["ANUPAM SUBEDI", 3.37], "201813514": ["PRAZWAL KHATI", 6.07], "201815501": ["BASANT ADHIKARI", 7.9], "201815502": ["BIVEK GIRI", 6.9], "201815503": ["KINCHO TSHETEN BHUTIA", 5.9], "201815504": ["RINGZING BHUTIA", 6.77], "201815505": ["KARMA TOPDEN BHUTIA", 0.8], "201816002": ["RAJANISH BORAH", 1.96], "201816003": ["ABHISHEK RAI", 5.12], "201816004": ["SOMDATTA SIKDAR", 6.3], "201816005": ["MINTU SHAW", 1.62], "201816006": ["ROHAN SHARMA SITOULA", 9.48], "201816007": ["AISHWARYA", 5.93], "201816008": ["DEBASHREE KASHYAP", 6.49], "201816009": ["SILA KUMARI THAKUR", 3.17], "201816010": ["SHRADDHA UPADHAYA", 7.07], "201816011": ["SUMIRAN RAI", 8.04], "201816012": ["BISHAL KUMAR RIJAL", 9.15], "201816013": ["PRIYA CHOUDHURY", 6.83], "201816014": ["ANUBRATA MALLIK", 3.82], "201816015": ["ROSHAN THAKUR", 4.65], "201816016": ["TSETAN TASHI", 6.46], "201816017": ["SUSHANT DHAKAL", 0.0], "201816018": ["MANISH KUMAR GUPTA", 4.41], "201816019": ["SANDEEP KUMAR THAKUR", 4.5], "201816020": ["AADARSH VARMA", 2.15], "201816021": ["AVINASH SHARMA", 2.52], "201816022": ["AKUMTOSHI JAMIR", 6.79], "201816023": ["TARUSH PRADHAN", 6.23], "201816024": ["DAARAB FIROZI", 6.39], "201816025": ["SUSHIL CHETTRI", 9.83], "201816026": ["AMIT TIWARI", 6.89], "201816027": ["TASHI DORJEE BHUTIA", 1.71], "201816028": ["MD. ALQAMA HASNAIN", 7.34], "201816029": ["MEHNAZ KHAN", 5.88], "201816030": ["AKBAR ALI M.N", 3.04], "201816031": ["ROSE BHETWAL", 8.27], "201816032": ["SHREY SINGH", 7.04], "201816033": ["NAYAN PRADHAN", 5.97], "201816035": ["MASOOM", 3.55], "201816036": ["ANKUR KUMAR", 5.79], "201816037": ["AKASH TAMANG", 8.26], "201816038": ["PRAYAG RAI", 6.75], "201818501": ["DHANANJAY GURUNG", 3.4], "201818502": ["SHIDARTH POKHREL", 7.5], "201818503": ["MANISH DHUNGEL", 1.97], "201818504": ["ALISHA SHARMA", 5.97], "201818505": ["NEHARIKA BHATTARAI", 10.0], "201818506": ["ROSHNI PRADHAN", 2.8], "201818507": ["DEEPAN RAI", 6.9], "201818508": ["MUKSAM LIMBOO", 5.73], "201818509": ["MANDIRA RAI", 6.13], "201818510": ["ABIJIT SHARMA", 7.0], "201818511": ["ANMOL SHARMA", 3.73], "201818512": ["TSHERING PEMA BHUTIA", 5.53], "201818513": ["PRAVESH ADHIKARI", 6.07], "201818514": ["ANITA RAI", 6.03], "201818515": ["SAMICHHA SEDAI", 8.57], "201818516": ["MD. SAHID AZAD", 5.3], "201818517": ["KRISHNA SHARMA", 6.97], "201818518": ["KARMA SONAM DADUL BHUTIA", 4.97], "201818519": ["PUNAM PRADHAN", 7.27], "201818520": ["PRITTYLA LEPCHA", 6.97], "201818521": ["SABHNAM GURUNG", 9.4], "201818522": ["HANSEL SUBBA", 3.37], "201818523": ["PRAVESH PRADHAN", 4.0], "201818524": ["LYANGDOK CHUGYEN LEPCHA", 6.2], "201818525": ["VISHAL PRADHAN", 2.67], "201818526": ["SANGAY LHADON BHUTIA", 9.43], "201818527": ["RUSHALI MOTHEY", 6.63], "201818528": ["PRAYASH MUKHIA SUNWAR", 0.83], "201818529": ["SONAM TSHERING BHUTIA", 3.97], "201819001": ["Nalina Pradhan", 7.04], "201819002": ["Priyanka Chhetri", 6.74], "201819003": ["Nilotpal Kashyap", 5.96], "201819004": ["Karma Dorjee Bhutia", 5.09], "201819005": ["Sailesh Kumar Keshri", 6.43], "201819006": ["Vivek Chhetri", 6.09], "201819007": ["Aditya Khanal", 5.22], "201819008": ["Siddhant Chhetri", 9.17], "201819009": ["Neelam Lama", 7.43], "201819010": ["Pakel Riba", 5.35], "201819011": ["Tenzing Champa Bhutia", 3.96], "201819012": ["Parvasee Pradhan", 3.52], "201819013": ["Arkodeep Dutta", 6.09], "201819014": ["DIKSHA SHAMBHAVI", 3.48], "201819015": ["Soumyadeep De Sarkar", 6.74], "201819016": ["SONAM TAMANG", 6.22], "201819018": ["Tashi Finjo Bhutia", 6.83], "201819019": ["Nirmal Chettri", 6.0], "201819020": ["Harshit Anand", 5.74], "201819021": ["ANJAN KUMAR SAH", 6.61], "201819022": ["Shubhdjit Ghosh", 6.43], "201819023": ["Yogesh Giri", 5.39], "201819024": ["KANAK KUMARI GUPTA", 8.61], "201819025": ["Rinchen Namgyal Bhutia", 0.78], "201819026": ["Bishal Rai", 4.61], "201819027": ["Denish Agarwal", 9.91], "201819028": ["Shreeya Shakya", 9.48], "201819029": ["Neha Kshetrimayum", 6.17], "201819031": ["Anish Sharma", 6.04], "201819032": ["Kirenjungba Longkumer", 0.83], "201819033": ["KARMA DOLMA BHUTIA", 3.91], "201819035": ["MIHANG SUBBA", 4.17], "201819036": ["BEDANTA ARYAL", 1.65], "201821201": ["SHASHWAT CHANDRA DAHAL", 8.84], "201821202": ["BINNAY KUMAR KHARKA", 8.16], "201821203": ["PRAYAG SARMA", 7.0], "201821204": ["DIVYA SHREE RAI", 1.95], "201821205": ["ADITYA CHHETRY", 5.16], "201821206": ["NISHANKUR DUTTA LAHKAR", 7.27], "201821207": ["SANKALPA BANERJEE", 9.3], "201821208": ["SUNIL KUMAR CHAURASIYA", 8.05], "201821209": ["RUBEN SUBBA", 6.0], "201821210": ["NABIN SHARMA", 6.82], "201821211": ["ASHIQUE IKBAL", 0.0], "201821212": ["BIBEK CHETTRI", 5.45], "201821213": ["BISHISWAR CHETTRI", 5.02], "201821214": ["BINDIYA SHARMA", 8.68], "201821215": ["RESERF TAMANG", 6.86], "201821216": ["NIKITA GURUNG", 6.02], "201821218": ["GANGAN BHATTARAI", 6.7], "201821219": ["PREM CHETTRI", 5.93], "201821220": ["BIVEK PRADHAN", 8.93], "201821221": ["RISHI POKHREL", 8.93], "201821222": ["NIRAJ KOIRALA", 7.82], "201821223": ["SAMUEL RAI", 6.32], "201821301": ["ROSHNI PRADHAN", 7.44], "201821302": ["MR SAUGAT CHETTRI", 8.23], "201821303": ["ADITYA CHETTRI", 7.4], "201821304": ["SABINA BEGUM", 8.0], "201821305": ["DARSHANA CHETTRI", 8.6], "201821306": ["SENAJ IQUBAL", 6.91], "201821307": ["LINCHO LEPCHA", 7.07], "201821309": ["MR ABISEK SUNAR", 8.37], "201821310": ["NARESH CHETTRI", 8.0], "201821311": ["MR ROSHAN SARMAH", 7.88], "201821312": ["AISHWARYA RAI", 9.3], "201821313": ["MR AVISHEK KHATIWARA", 8.07], "201821314": ["AMRITA KUMARI GUPTA", 9.91], "201821315": ["PRAJULA GURUNG", 8.98], "201821316": ["BHOJ RAJ CHHETRI", 8.67], "201821318": ["KISHOR GHIMIREY SHARMA", 8.4], "201821319": ["KAILASH LIMBOO", 7.53], "201821320": ["CHANDRA HANG SUBBA", 7.72], "201821321": ["NIMA SHERPA", 5.58], "201821322": ["BANDANA PRADHAN", 7.44], "201821323": ["PRATIGYA RIZAL", 9.74], "201821401": ["ANJANA SUBEDI", 7.23], "201821402": ["ADITY DAS", 1.27], "201821403": ["PUJA SHARMA", 8.82], "201821404": ["ANITA GURUNG", 5.91], "201821405": ["ANJALI SHARMA", 6.41], "201821406": ["KAMAL CHETTRI", 5.18], "201821407": ["SUMIRAN BASNETT", 9.45], "201821408": ["MAHEEMA THAPA", 6.18], "201821409": ["ANAN RAI", 8.86], "201821410": ["PURAN DANGAL", 9.09], "201821411": ["ALPHA PRADHAN", 1.59], "201822001": ["RITURAJ DAS", 6.62], "201822002": ["PALLAB SAIKIA", 8.14], "201822501": ["SUNITA THAPA", 5.88], "201822502": ["DAN SINGH", 5.74], "201822503": ["MANOJA PAKHRIN", 8.34], "201822504": ["SANJU TAMANG", 8.91], "201822505": ["TILAK SHARMA", 8.36], "201822506": ["NGWANG SHENPHEN", 6.65], "201822507": ["PRONAY DUTTA", 7.85], "201823001": ["SARIKA KUMARI", 7.66], "201823002": ["Tanya Gautam", 7.94], "201823003": ["Monika Gupta", 8.12], "201823004": ["NITU JAISWAL", 7.4], "201823005": ["Astha Dahal", 9.4], "201823006": ["Sirmn Neopaney", 7.26], "201823007": ["Akshay Dhiman", 0.72], "201823008": ["PRIYANKA BHUJEL", 6.72], "201823009": ["ANJU CHETTRI", 6.72], "201823010": ["Sangita Saha", 8.5], "201823011": ["Annela Bhutia", 6.76], "201823012": ["USHMITA CHETTRI", 8.5], "201823013": ["DAKSHINA RUCHAL", 6.72], "201823014": ["PRATIKSHEET  BRAHMAN", 7.02], "201823015": ["Vakal Rai", 7.26], "201823016": ["Trishna Rai", 6.52], "201823017": ["HIMANSHU GOYAL", 9.38], "201823018": ["PRANESH CHETTRI", 9.24], "201823019": ["NAYAN JYOTI BORAH", 5.78], "201823020": ["SUSHIL SHANKER", 7.44], "201823021": ["TUHIN LIMBU", 7.4], "201823022": ["ROHIT PRASAD", 8.1], "201823023": ["PREMA RANJAN", 7.96], "201825001": ["PREKSHA SHIPON GURUNG", 8.12], "201825002": ["BARUN PRADHAN", 7.81], "201825003": ["AVINASH CHHETRI", 7.12], "201827001": ["ANAM TAGGU", 7.32], "201827002": ["ABHIJIT SINGH", 6.51], "201827003": ["ASHISH MAHARJAN", 8.98], "201827004": ["REWAJ RAI", 7.58], "201827005": ["ASISH SAKYA", 7.85], "201827006": ["JANGA THAPA", 7.64], "201833001": ["SANJEEV SUBBA", 5.38], "201833002": ["MD JAVED ANSARI", 7.06], "201833003": ["SISIR POKHREL SHARMA", 5.52], "201833004": ["VYAS VIVEK SHARMA", 6.06], "201833005": ["PASSANG LAHMU BHUTIA", 8.24], "201833006": ["YANGCHENLA KAZI", 7.81], "201833007": ["RIPNA SHAPKOTA", 6.57], "201833008": ["ADWIN TAMANG", 0.0]}