{"201600001": ["ADITYA GAITONDE", 0], "201600008": ["MD. ZEESHAN", 0], "201600009": ["UTKARSH TRIPATHI", 0], "201600013": ["SAMEER HUSSAIN", 0], "201600014": ["UDIT PRATAP SINGH", 0], "201600015": ["RONITA DEBNATH", 0], "201600017": ["SUNNY", 0], "201600018": ["DEVYANSHU PRADHAN", 0], "201600021": ["AMAN SINHA", 0], "201600022": ["AKASH SINGH", 0], "201600023": ["ABHIK DUTTA", 0], "201600024": ["JUGA JYOTI PATOWARI", 0], "201600025": ["MAYANK BUDIA", 0], "201600026": ["DEVESH PRADHAN", 0], "201600027": ["SARFARAZ UDDIN ANSARI", 0], "201600028": ["BARNALI MANDAL", 0], "201600029": ["MAYANK PRAKASH", 0], "201600030": ["BISHAL CHETTRI", 0], "201600031": ["NISHANT SHARMA", 0], "201600032": ["AKASH BANIK", 0], "201600034": ["BITUPAN ROY", 0], "201600035": ["DIBYA JYOTI DAS", 0], "201600036": ["MONALISHA GAUTOM", 0], "201600037": ["AKASH GUPTA", 0], "201600038": ["ANGSHUMAN BARUAH", 0], "201600039": ["SMRITI SINGH", 0], "201600040": ["DEBASHISH TALUKDAR", 0], "201600041": ["JAYANT SINGH", 0], "201600042": ["KETAN KISHAN", 0], "201600043": ["NIKHIL PUGALIA", 0], "201600044": ["ANKIT KUMAR GUPTA", 0], "201600045": ["MIHIR", 0], "201600048": ["HARSH WARDHANA", 0], "201600049": ["ANIMESH PHUKAN", 0], "201600050": ["KRITI KUMARI", 0], "201600052": ["CHANDNI AGARWAL", 0], "201600053": ["ASHISH   MOURYA", 0], "201600054": ["SUSHIL KUMAR AGARWAL", 0], "201600055": ["AKASH ANAND SHARMA", 0], "201600056": ["SWETA", 0], "201600057": ["ABHISHEK KUMAR", 0], "201600059": ["SAUMYA BHARTI", 0], "201600060": ["ANKIT KUMAR TIWARI", 0], "201600062": ["SAHIL SINGH", 0], "201600063": ["SUSHMITA KUMARI SAH", 0], "201600064": ["SEBANTI GHOSH", 0], "201600065": ["SREEJITA NASKAR", 0], "201600066": ["KAJAL SINGH", 0], "201600068": ["NIHARIKA BINDAL", 0], "201600070": ["YATHARTH SHARMA", 0], "201600071": ["ATUL SHRIVASTAVA", 0], "201600073": ["KARTIK PANCHAL", 0], "201600075": ["SHIVAM KASHYAP", 0], "201600076": ["ADITYA  SINHA", 0], "201600080": ["RISHABH BHATTACHARJEE", 0], "201600081": ["ARITRY BAGCHI", 0], "201600082": ["NIMA GYALPO THAPA", 0], "201600085": ["ABIJEET RAJ", 0], "201600086": ["SUDEEP DAS", 0], "201600087": ["ARPAN GAUTAM", 0], "201600089": ["SIMRAN SANDHU", 0], "201600091": ["SWETA AGARWAL", 0], "201600093": ["PREM DHAR DWIVEDI", 0], "201600094": ["ANWESNA POUDYAL", 0], "201600095": ["SHANTANU SHARMA", 0], "201600097": ["NOIMISHA HAZARIKA", 0], "201600098": ["SAPNA AGARWAL", 0], "201600101": ["ARJUN PRASAD", 0], "201600102": ["AMAN KUMAR MISHRA", 0], "201600105": ["ARITRA DHAR", 0], "201600106": ["SAHIL", 0], "201600107": ["ANUJ KASHYAP", 0], "201600108": ["BHASKAR", 0], "201600109": ["TANYA AGARWAL", 0], "201600110": ["RATUL GHOSH", 0], "201600111": ["KINKINI SANYAL", 0], "201600112": ["BASIT HALIM", 0], "201600114": ["BAISHALI GAUTAM", 0], "201600116": ["YOGESH SHARMA", 0], "201600117": ["BULBUL AGARWAL", 0], "201600118": ["PUNSTOK GYATSO TOPGAY", 0], "201600119": ["SAUDAMINI GHOSH", 0], "201600120": ["KARMA TSETEN CHOKI BHUTIA", 0], "201600122": ["SATYA PRAKASH SHUKLA", 0], "201600123": ["SUBRATO PAL", 0], "201600124": ["PANKAJ BASUMATARI", 0], "201600126": ["SENNY YUMNAM", 0], "201600127": ["HIMALAY GOGOI", 0], "201600128": ["YESHEY GYATSO BHUTIA", 0], "201600129": ["SATENDRA KUMAR PRASAD", 0], "201600131": ["BIKASH PANDEY", 0], "201600133": ["GAURAV UPADHYAYA", 0], "201600134": ["ENOCH SAMTEN SHERPA", 0], "201600136": ["UKESH NEUPANE", 0], "201600137": ["GAURAV PRATIM DUTTA", 0], "201600138": ["TASHI TSHERING BHUTIA", 0], "201600139": ["RESHMI DAS", 0], "201600142": ["ABHISHEK DHAKAL", 0], "201600143": ["ANUSHREE DUTTA", 0], "201600144": ["AYUSH JITANI", 0], "201600145": ["SUBHRADIP SUR", 0], "201600147": ["MANISHA KUMARI GUPTA", 0], "201600149": ["SHUVRAJYOTI BANERJEE", 0], "201600150": ["AYESHA NARAYAN", 0], "201600151": ["SWARNALI SAHA", 0], "201600152": ["KESHAB CH GOGOI", 0], "201600153": ["ESHAN GARG", 0], "201600154": ["KUMAR GAURAV", 0], "201600156": ["RANGTSUNG DORJEE SHERPA", 0], "201600158": ["ANKITA KUMARI", 0], "201600159": ["AMARTYA KUMAR ROY", 0], "201600161": ["ANUTOSH PAUL", 0], "201600162": ["AMARJEET KUMAR", 0], "201600163": ["BISWAMANI RAI", 0], "201600164": ["SHRISHAIL PRADHAN", 0], "201600166": ["AKASH ARUN BARUAH", 0], "201600167": ["ANKIT KUMAR GUPTA", 0], "201600168": ["KUNAL DEKA", 0], "201600169": ["JAWED ANSARI", 0], "201600170": ["ANUPAM PAUL", 0], "201600171": ["SOURAV THAPA", 0], "201600172": ["ASHMITA CHETRI", 0], "201600173": ["MOWKUNHI PHUKON", 0], "201600174": ["RIYANKA SARKAR", 0], "201600175": ["NIKITA NEPAL", 0], "201600177": ["RUPAM BHETWAL", 0], "201600178": ["NIKITA CHETTRI", 0], "201600179": ["ANUSHIL", 0], "201600180": ["REEPDEN WONGDEN LEPCHA", 0], "201600182": ["SHUBHANKAR ROY", 0], "201600184": ["SHUBHAM KUMAR", 0], "201600185": ["PAWAN KUMAR DUBEY", 0], "201600186": ["SUNIL CHETTRI", 0], "201600188": ["SAHIL DHUNGEL", 0], "201600191": ["DEEPAN RIZAL", 0], "201600193": ["ABHISHEK PRADHAN", 0], "201600194": ["SALMAAN RAZA", 0], "201600196": ["ANINDITA SINGHA", 0], "201600197": ["SUDHANSHU KUMAR", 0], "201600199": ["SHIVRAJ GUPTA", 0], "201600200": ["BIPAN SAPKOTA", 0], "201600201": ["KHUSHI", 0], "201600202": ["RAJEEV SHARMA", 0], "201600206": ["ADITYA RAJENDRA MATHUR", 0], "201600208": ["NUTAN THAPA", 0], "201600209": ["SHRISTI ACHARYA", 0], "201600211": ["NITIN SANDILYA", 0], "201600212": ["SONU", 0], "201600213": ["RHYDHAM PARMAR", 0], "201600215": ["VARCHASVA VIGYA", 0], "201600216": ["MUNI PAVAN THEERTHAM", 0], "201600217": ["SHIVAM GUPTA", 0], "201600218": ["ANJANA SHARMA", 0], "201600219": ["AARYA BHATTACHARYYA", 0], "201600224": ["SATYAM THAKURI", 0], "201600228": ["KONDA VAISHNAVI", 0], "201600230": ["NABIN TAMANG", 0], "201600231": ["VAIDHANI ANAND KUMAR", 0], "201600232": ["ARUNAVO RAY", 0], "201600233": ["ADITYA CHHETRI", 0], "201600235": ["SANJEEV KUMAR", 0], "201600236": ["SUDEEP PRADHAN", 0], "201600237": ["SUJAY CHAKRABORTY", 0], "201600238": ["WRISHABH WALIA", 0], "201600239": ["PINKI AGARWAL", 0], "201600241": ["GOWTHAM S", 0], "201600242": ["LALREMSANGA", 0], "201600244": ["TENZING DHASEL", 0], "201600247": ["AHREN PRADHAN", 0], "201600248": ["SANTOSH KUMAR BHAGAT", 0], "201600249": ["PHURBA SHERPA", 0], "201600250": ["CHIMILA SHERPA", 0], "201600251": ["DICHEN ONGMU LEPCHA", 0], "201600253": ["NISHA KUMARI GUPTA", 0], "201600254": ["ATUL SINGH YADAV", 0], "201600255": ["ABISHEK SHARMA", 0], "201600256": ["PRIYA RAI", 0], "201600258": ["SANDHYA SHARMA", 0], "201600259": ["PRASANSA RAI", 0], "201600260": ["MRINMOY BORUAH", 0], "201600262": ["KESULA SHERPA", 0], "201600263": ["MOHIT KUMAR GUPTA", 0], "201600264": ["DIVYANSHU SINGH", 0], "201600265": ["BHARGAV JYOTI RABHA", 0], "201600266": ["TENZING MINGUR BHUTIA", 0], "201600267": ["JEETENDRA SHARMA", 0], "201600268": ["BIJAY REGMI", 0], "201600270": ["SIDDHANT LAMA", 0], "201600271": ["ROHAN PRASAD", 0], "201600272": ["SUPRIYA SHARMA", 0], "201600273": ["DIWASH KAPIL CHETTRI", 0], "201600274": ["ASHISH AUGUSTINE", 0], "201600275": ["RITESH PRADHAN", 0], "201600276": ["LEENUS DARNAL", 0], "201600277": ["RAMIT SINGH", 0], "201600278": ["SUTAPA", 0], "201600279": ["POOJA VERMA", 0], "201600280": ["NORBU TSHERING LAMA TAMANG", 0], "201600281": ["BHUSHAN SHARMA", 0], "201600282": ["ANUJ CHETTRI", 0], "201600284": ["APOORVA RAJ", 0], "201600285": ["ANISHA SHARMA", 0], "201600286": ["DEBASMITA DEY", 0], "201600287": ["PRATIK LAHOTY", 0], "201600289": ["VISHAL MURMU", 0], "201600293": ["SUBARNA GURUNG", 0], "201600294": ["ANSHU KUMAR", 0], "201600296": ["DIKSHA SUBBA", 0], "201600297": ["NIKITA SHARMA", 0], "201600300": ["INZAMAMUL HASAN", 0], "201600302": ["RAVISHANKAR PRASAD", 0], "201600303": ["PHU TSHERING BHUTIA", 0], "201600304": ["DIPESH KUMAR", 0], "201600305": ["RAJDEEP SINGH GOLAN", 0], "201600306": ["RONAK AGARWAL", 0], "201600307": ["JHARNA KUMARI", 0], "201600308": ["SAURAV KUMAR CHAUDHARY", 0], "201600311": ["SUAVE THAPA", 0], "201600312": ["WANGZER NAMGYAL BHUTIA", 0], "201600313": ["ROSHAN SHARMA", 0], "201600314": ["NAVODAYA BHUYAN", 0], "201600315": ["CHONEY GYATSO BHUTIA", 0], "201600316": ["AKSHATA CHETTRI", 0], "201600320": ["ADITYA PRAKASH", 0], "201600321": ["ROHIT RAHUL KHANDELWAL", 0], "201600322": ["SARINA CHETTRI", 0], "201600323": ["KUNZANG CHUKI BHUTIA", 0], "201600324": ["SAHARSH MODI", 0], "201600325": ["HARSH SINGH", 0], "201600326": ["RAJDEEP BHATTACHARJEE", 0], "201600327": ["SANGAY PALMU BHUTIA", 0], "201600329": ["ANKIT ANAND", 0], "201600331": ["SANKHA SUBHRA DEBNATH", 0], "201600332": ["HANSA JHA", 0], "201600385": ["NAZIM ALI", 0], "201600386": ["DEEPANKAR SARMAH", 0], "201600387": ["TARUN KUMAR DUGAR", 0], "201600389": ["BANI MADAN", 0], "201600390": ["TUSHAR SHARMA", 0], "201600391": ["IMMANUEL SAVIO DONBOSCO", 0], "201600393": ["TARUN KUMAR", 0], "201600394": ["BARSHA SHARMA", 0], "201600395": ["SHOUVIK MUKHERJEE", 0], "201600396": ["PARITOSH KUMAR", 0], "201600397": ["AVI DIPRANSH", 0], "201600398": ["VIGHNAHAR RAM RAPAKWAD", 0], "201600400": ["DIPANJAN GHOSE", 0], "201600401": ["KATHYAINI RAO", 0], "201600402": ["PRANTIK DEY", 0], "201600405": ["RISHAV ANAND", 0], "201600406": ["DIMPLE DAS", 0], "201600408": ["UJJWAL GUPTA", 0], "201600409": ["SANKALP JAISWAL", 0], "201600410": ["DIVYAM KUMAR SINGH", 0], "201600412": ["MOHIT RATHOR", 0], "201600413": ["KAUSTAV KAUSHIK", 0], "201600414": ["Saptarshi Chakravarty", 0], "201600416": ["BHAVJOT SINGH", 0], "201600418": ["SUYASH SRIVASTAVA", 0], "201600419": ["TUSHAR KUMAR", 0], "201600420": ["ROBIN SINGH", 0], "201600422": ["RISHU SUSHIB", 0], "201600423": ["AJEY KOUSHIK LAKSHMI NARASIMHAN", 0], "201600424": ["ZUVARAJ KATAKI", 0], "201600425": ["KANIKA SINGH", 0], "201600428": ["GALEN RAPHAEL PEREIRA", 0], "201600429": ["SHUBHAM KUMAR", 0], "201600430": ["SHREYESKAR SINGH", 0], "201600432": ["FRANKEN PRATIK KANDULNA", 0], "201600433": ["ANUSHA ANAND", 0], "201600435": ["MANAS RAJ VISHAL", 0], "201600436": ["MUDIT BORAN", 0], "201600437": ["ABHISHEK VIVEK SHARMA", 0], "201600438": ["DEVANSHU GUPTA", 0], "201600439": ["PRIYANSH SHARMA", 0], "201600440": ["KANCHANAPALLY SWAPNIL RAJU", 0], "201600441": ["RIYA RAMA", 0], "201600443": ["DIPESH YADAV", 0], "201600444": ["KARASU SRIKANTH", 0], "201600448": ["SUDIPTA DEY", 0], "201600449": ["AMAN SRIVASTAVA", 0], "201600450": ["ADARSH KUMAR", 0], "201600451": ["VISHAL RAJ", 0], "201600452": ["GARGEE PHUKON", 0], "201600453": ["ANGARIKA DAS", 0], "201600454": ["AYUSH THAKUR", 0], "201600455": ["SACHIN CHAUDHARY", 0], "201600456": ["NALLABOLU SAINATH REDDY", 0], "201600457": ["DEEP SHIKHA", 0], "201600458": ["AKRITI SHARMA", 0], "201600460": ["KUNAL KUMAR DAS", 0], "201600461": ["AMAN RAJ", 0], "201600462": ["RISHABH PODDAR", 0], "201600464": ["REJU ROHAN", 0], "201600466": ["PRITI KUMARI", 0], "201600467": ["ANAMIKA CHATTERJEE", 0], "201600468": ["DEBASMITA CHAKRABORTY", 0], "201600469": ["MOHAMMAD ALI KHAN", 0], "201600471": ["DEVEN BARDE", 0], "201600473": ["SARTHAK SRIVASTAVA", 0], "201600475": ["VISHWA VIVEK", 0], "201600477": ["NISHANK VERMA", 0], "201600478": ["SHAURAV DUTTA", 0], "201600479": ["UDBHAV SINGH", 0], "201600480": ["DEVKANT  VERMA", 0], "201600481": ["RANA VIJAY SINGH", 0], "201600482": ["PRANAY SINGH", 0], "201600485": ["ATUL PATEL", 0], "201600487": ["IMRAN SAH", 0], "201600488": ["APOORVA YASH", 0], "201600489": ["PREETAM KALITA", 0], "201600490": ["ROBBIN SINGH GANDHI", 0], "201600491": ["MAYUR MAHANTA", 0], "201600492": ["PRATEEK NIKHIL PETHE", 0], "201600493": ["ABHISHEK RAJ", 0], "201600495": ["SHASHWAT SHARMA", 0], "201600496": ["SHEKHAR KISHORE", 0], "201600497": ["SURAJ PRABHAKAR", 0], "201600498": ["RAJ SRIVASTAVA", 0], "201600499": ["MAYUR", 0], "201600501": ["RAUNAK BISHWA LOHAR", 0], "201600502": ["JASPAL SINGH DEORA", 0], "201600503": ["AKASH SARAF", 0], "201600504": ["AMIR WASIM KAUSHAR", 0], "201600505": ["DEEPAK TIRKEY", 0], "201600507": ["AYUSH KUMAR SAW", 0], "201600508": ["MANJIT SHUKLA", 0], "201600509": ["NIHIT KUMAR", 0], "201600510": ["SHEKHAR KUMAR", 0], "201600512": ["NIROJ DEY", 0], "201600514": ["CHAHAK GUPTA", 0], "201600516": ["SAI KIRAN NAGARAJU", 0], "201600517": ["SANGRAMJIT DUTTA", 0], "201600518": ["ARPIT GUPTA", 0], "201600520": ["ANKIT KUMAR SHANDILYA", 0], "201600521": ["JUTTUKONDA VINAY  BABU", 0], "201600523": ["MONODEEP SAHA", 0], "201600525": ["KUMAR DHANRAJ SINHA", 0], "201600528": ["RITUSHREE PRIYA", 0], "201600529": ["ASHWANI PATEL", 0], "201600530": ["SAKSHAM GUPTA", 0], "201600531": ["ANURAG ANAND", 0], "201600535": ["HRIDAYAN PHUKAN", 0], "201600577": ["BIJENDRA KUMAR SHARMA", 0], "201600578": ["KRISHNA KISHORE VARMA KALIDINDI", 0], "201600579": ["ACCHAYA KUMAR SHARMA", 0], "201600581": ["RUPJYOTI BRAHMA KALITA", 0], "201600582": ["AMLAN JYOTI DAS", 0], "201600583": ["JEETURAJ BASUMATARY", 0], "201600585": ["ABHISHEK CHAKRABORTY", 0], "201600586": ["AYAZ NAQVI", 0], "201600589": ["ANANNYA  ROY", 0], "201600590": ["SAMARSHI CHAKRABORTY", 0], "201600601": ["HIMIKA SARKAR", 0], "201600602": ["MD.NADEEM AKHTAR HASID", 0], "201600603": ["SHAUVICK DAS", 0], "201600613": ["AKASH SARKAR", 0], "201600614": ["ANKITA KARMAKAR", 0], "201600615": ["AMAR BHATTACHARYA", 0], "201600617": ["ANSHU DAS", 0], "201600619": ["TAMAL BANERJEE", 0], "201600620": ["SAURABH DEBABRATA DAS", 0], "201600622": ["HARSH AGARWAL", 0], "201600627": ["SRIDHAR SHARMA", 0], "201600628": ["KUMAR SIDDHARTHA", 0], "201600629": ["KARTIKAY RAGHAV", 0], "201600630": ["VEDANT SINGH", 0], "201600633": ["ANKIT RAJKUMAR SINGH", 0], "201600637": ["VISHAL JAISWAL", 0], "201600639": ["ARNAV", 0], "201600649": ["KUMAR GAURAV", 0], "201600650": ["SHIVANGI PRIYA", 0], "201600651": ["FAIZ KHAN", 0], "201600655": ["SAKET KUMAR", 0], "201600656": ["PRATIK RAJ", 0], "201600657": ["PRASHANT KUMAR", 0], "201600658": ["RICHA KRISHNAN", 0], "201600659": ["VASUDHA PATHAK", 0], "201600660": ["ASIFUR RAHMAN", 0], "201600662": ["RUPSHA GOSWAMI", 0], "201600665": ["ARYA SAUMITRA", 0], "201600667": ["AKASH ANAND", 0], "201600668": ["ASHUTOSH KUMAR", 0], "201600674": ["AAYUSH VERMA", 0], "201600675": ["SHIVAM VERMA", 0], "201600686": ["MRITYUNJAY KUMAR", 0], "201600687": ["BARNAK MUKHERJEE", 0], "201600698": ["SWAPNANIL GHOSH", 0], "201600699": ["PRATYASHA TAMULI", 0], "201600700": ["DHRITIMAN MEDHI", 0], "201600710": ["NEELABH RAJ", 0], "201600713": ["ANURAG SRIVASTAVA", 0], "201600714": ["RAVI PRAKASH", 0], "201612502": ["ANITA DAHAL", 0], "201612503": ["SADIXYA PRADHAN", 0], "201613501": ["SHRIJANA ADHIKARI", 0], "201613503": ["KIRATTI UPASANA RAI", 0], "201613504": ["Tsheme Choden Bhutia", 0], "201613508": ["LHAMU CHEDEN BHUTIA", 0], "201615503": ["SIDHANT CHETTRI", 0], "201615504": ["BINDHIYA DEVI DHAMALA", 0], "201615505": ["ABID ANSARI", 0], "201615506": ["RISHABH KARN", 0], "201615507": ["LUCKY PRASAD", 0], "201616001": ["ADITYA CHETTRI", 0], "201616002": ["NITESH KR.RAM", 0], "201616003": ["BINDHYA GURUNG", 0], "201616004": ["RITESH DHAKAL", 0], "201616005": ["MRIGANKA DEY", 0], "201616006": ["SAILAB BASAK", 0], "201616007": ["DEBJIT DUTTA", 0], "201616009": ["SUKANTA GHOSH", 0], "201616010": ["NARAYAN LUITEL", 0], "201616011": ["SAURAV RAI", 0], "201616012": ["PRASHANT NOROULA", 0], "201616013": ["SIMRANDEEP KAUR", 0], "201616014": ["ANIRUDH  KUMAR", 0], "201616015": ["RAHUL GHOSH", 0], "201616016": ["SARMILA RAI", 0], "201616018": ["PRAVAS SAPKOTA", 0], "201616020": ["SAAJAN BARDEWA", 0], "201616022": ["NIKASH PRADHAN", 0], "201616023": ["GYANU RAM RAI", 0], "201616024": ["NUNITA SHARMA", 0], "201616025": ["SONAL RAI", 0], "201616026": ["MANISH SHAHI", 0], "201616028": ["KUMARI SANGEETA SINHA", 0], "201616029": ["SHIVANI", 0], "201616030": ["DEEPAK KUMAR", 0], "201616031": ["VIVEK YADAV", 0], "201616033": ["AMIT BHAYAL", 0], "201616034": ["ANUSH KHADKA", 0], "201618506": ["CHITIM DOLMA SHERPA", 0], "201618507": ["SAMIR RAI", 0], "201618508": ["SUSAN GURUNG", 0], "201618509": ["RABIN CHETTRI", 0], "201618522": ["DIVYA SUBEDI", 0], "201618526": ["SHRIDHRIKA SUBBA", 0], "201618527": ["SONAM ZANGPO BARPHUNGPA", 0], "201618531": ["SHIVANI GURUNG", 0], "201618532": ["SAROJ RAI", 0], "201618534": ["SUSHANTH SAIBHA", 0], "201618535": ["VAIBHAV RAJ CHETTRI", 0], "201619001": ["KUMARI SOUMYA PANDEY", 0], "201619003": ["ARITRA SARKAR", 0], "201619004": ["SUNDERSON SUBBA", 0], "201619005": ["MONU AGARWAL", 0], "201619006": ["ELIZABETH NARJINARY", 0], "201619007": ["SALONI SHAHI", 0], "201619008": ["BHAWANA RAI", 0], "201619009": ["SWAGATA CHOWDHURY", 0], "201619010": ["TSHERING YANKEY YOLMO", 0], "201619011": ["ABISHEK SUBBA", 0], "201619012": ["SABIYANA SULTANA", 0], "201619013": ["ARGHA SADHU", 0], "201619014": ["FURMU SHERPA", 0], "201619015": ["ROSHNI LAMA", 0], "201619016": ["ANKIT GHIMIRE", 0], "201619019": ["NORKI LHAMU BHUTIA", 0], "201619020": ["NITESH SHARMA", 0], "201619021": ["SHIVAM KASHYAP", 0], "201619022": ["PHURTENZI SHERPA", 0], "201619023": ["RINKU SHARMA", 0], "201619024": ["RONEET PRADHAN", 0], "201619025": ["SUJATA KUMARI GUPTA", 0], "201619027": ["SYED TAUSIF ALI", 0], "201619029": ["AASHISH PODDAR", 0], "201619030": ["RANJANA RASAILY", 0], "201619031": ["PRAJJWAL HANG SUBBA", 0], "201619032": ["SHLOK GYAN PRAKASH ARYA", 0], "201619033": ["IONA GURUNG", 0], "201619035": ["ZIGMEE WANGCHUK BHUTIA", 0], "201619037": ["RONILA GURUNG", 0], "201621215": ["Biwash Poudyal", 0], "201637001": ["PALLAV DAS", 0], "201700002": ["NIKHIL PRADHAN", 0], "201700003": ["ANKITA PANDIT", 0], "201700004": ["SURIKHA BHETIWAL", 0], "201700005": ["SANTANU MOHAPATRA", 0], "201700006": ["DEBIDUTTA MEDHI", 0], "201700007": ["SIDDHANT SHARMA", 0], "201700009": ["AAYUSH NARAYAN", 0], "201700010": ["ABISHEK PHUKAN", 0], "201700011": ["ANIMESH SINGH", 0], "201700013": ["RUCHIKA KHEMKA", 0], "201700014": ["RAVI AGARWAL", 0], "201700015": ["SUBHAM GUPTA", 0], "201700018": ["MINKILA SHERPA", 0], "201700019": ["ITOKA K CHISHI", 0], "201700021": ["ARPAN CHETTRI", 0], "201700022": ["ANISHA KAR", 0], "201700023": ["NAWANG DONDUP", 0], "201700024": ["SAMUEL KARKI", 0], "201700025": ["PAMELA CHATTERJEE", 0], "201700027": ["RAVI BANSAL", 0], "201700029": ["MUSHKAN GIRI", 0], "201700030": ["ANURAG UPADHAYA", 0], "201700034": ["HRISHIKESH DEKA", 0], "201700035": ["MAHUWA DAS", 0], "201700036": ["MANASHI KUNDU", 0], "201700038": ["SWETA SINHA", 0], "201700039": ["SHIKHA SAMDARSHI", 0], "201700040": ["SHRUTA DHAR", 0], "201700041": ["PALASH GHOSH", 0], "201700043": ["PRASHANT KHARGA", 0], "201700044": ["ABHINASH RABHA", 0], "201700045": ["SUBHAJIT PAUL", 0], "201700046": ["SAURABH RAJ MAHATO", 0], "201700048": ["ARUNUDOY BURAGOHAIN", 0], "201700049": ["GARIMA KUSHWAHA", 0], "201700055": ["DAIPAYAN HATI", 0], "201700060": ["VIVEK MITTAL", 0], "201700061": ["SHRADHA BHARDWAJ", 0], "201700062": ["SOMIK DATTA", 0], "201700063": ["YASSER ARAFAT", 0], "201700066": ["DUSHYANT SINGH", 0], "201700067": ["ANGANA GOSWAMI", 0], "201700069": ["EKTA GOPE", 0], "201700070": ["ADITYA THAPA", 0], "201700072": ["SAAZ BHARADWAJ", 0], "201700073": ["AKASH V", 0], "201700074": ["WANGYAL LUCKSOM", 0], "201700075": ["ARYAN DEV", 0], "201700078": ["MITHILESH GAUTAM", 0], "201700079": ["SHARMILA SAHA", 0], "201700080": ["DION JAMES SMITH", 0], "201700081": ["ANKIT TAMANG", 0], "201700082": ["AVISHEK CHAKRABORTY", 0], "201700086": ["JAMYANG ZANGPO LACHUNGPA", 0], "201700087": ["SAURAV KUMAR SINHA", 0], "201700088": ["SANJOG TAMANG", 0], "201700089": ["TATHAGATA SINHA", 0], "201700090": ["SUSHMITA ROY", 0], "201700091": ["ADITI KHARGA", 0], "201700092": ["ABHIRUP DUTTA", 0], "201700093": ["SAURAV KUMAR", 0], "201700095": ["Chewang Tashi Chopel Bhutia", 0], "201700096": ["VIKASH KUMAR", 0], "201700097": ["SRIYA CHETTRI", 0], "201700098": ["UDIPTYA CHOUDHURY", 0], "201700103": ["HRISHIKESH THAKUR", 0], "201700104": ["MANG HANG LIMBOO", 0], "201700106": ["PRASHANT SHARMA", 0], "201700110": ["JASOWANTA DAS", 0], "201700113": ["RUPSA BISWAS", 0], "201700114": ["KUMAR SATYAM", 0], "201700117": ["AMAN HAJONG", 0], "201700119": ["ROHAN SAHA", 0], "201700120": ["HARDICK SAIKIA", 0], "201700121": ["AAYUSH RAJ", 0], "201700122": ["MD ASHFAQUE ALI", 0], "201700127": ["SHIMRAN GUPTA", 0], "201700129": ["ANUJ KUMAR GUPTA", 0], "201700130": ["NEEHA CINTURY", 0], "201700133": ["ANOOSWETA GUPTA", 0], "201700134": ["ANKIT PRAKHAR", 0], "201700136": ["PROGYAN HAZARIKA", 0], "201700139": ["RESHAF JAMAL", 0], "201700141": ["SOUMYARUPA SAHA", 0], "201700145": ["ABHAY SINGH", 0], "201700146": ["ARNAB BISWAS", 0], "201700148": ["AYUSH NAYAN", 0], "201700149": ["PRATYUSH KUMAR MOHANTY", 0], "201700150": ["GAGAN SAI REDDY", 0], "201700151": ["ARJUN KAR", 0], "201700152": ["PRATIK MAHAPATRA", 0], "201700154": ["RAHUL KASHYAP", 0], "201700155": ["GURUPRASAD ROUL", 0], "201700156": ["PRAKAR PRADHAN", 0], "201700157": ["QUNAIN AFAQ", 0], "201700158": ["NILOTPAL MALAKAR", 0], "201700159": ["VATSALYA SINGH", 0], "201700160": ["PRATYUSH KUMAR  JHA", 0], "201700161": ["RAGHAVENDRA SINGH", 0], "201700162": ["MAHIMA RAI", 0], "201700163": ["SIDDHANT BHATTACHARJEE", 0], "201700164": ["VINEET KUMAR SINHA", 0], "201700166": ["HARSH VERMA", 0], "201700169": ["SHARAD", 0], "201700170": ["SEJAL BURNWAL", 0], "201700171": ["PAWAN KUMAR JETHARA", 0], "201700172": ["ABHIGYAN BARUAH", 0], "201700174": ["ADITYA PRAKASH", 0], "201700175": ["ROHAN SETHI", 0], "201700176": ["ASHISH GUPTA", 0], "201700177": ["ABDULLAH SAKEEB", 0], "201700179": ["KETAN MANGLA", 0], "201700180": ["AYAN GHOSH", 0], "201700181": ["RANJAN SENGUPTA", 0], "201700182": ["KOMAL MUSKAN", 0], "201700183": ["AYANTIKA NANDI", 0], "201700184": ["BATTU PHALGUNA", 0], "201700185": ["ANKIT KUMAR", 0], "201700186": ["ASHI SINGH", 0], "201700187": ["JESSON GEORGE", 0], "201700189": ["SURABHI SHARMA", 0], "201700190": ["DARI RANA", 0], "201700191": ["SNEHANSHU MAHAJAN", 0], "201700193": ["MANASH PRATIM KALITA", 0], "201700194": ["CHUKKALURU NAGA PAVANKUMAR REDDY", 0], "201700195": ["TANIYA KHETAWAT", 0], "201700196": ["M. KAVIN", 0], "201700198": ["RINCHIN DORJEE", 0], "201700199": ["SAURAV  JYOTI DAS", 0], "201700201": ["NISHCHAL BHATTARAI", 0], "201700202": ["ANANYA MISHRA", 0], "201700203": ["ANAND RANJAN", 0], "201700205": ["SHIVESH SAFAL", 0], "201700206": ["BOKEN YAYING", 0], "201700207": ["PARIKSHIT DAHAL", 0], "201700208": ["Prerna Patel", 0], "201700209": ["ROHIT ROY CHOUDHURY", 0], "201700212": ["RISHAB AGARWAL", 0], "201700213": ["IVANOV BRAHMA", 0], "201700214": ["NICKY TAHBILDAR", 0], "201700215": ["BHASKAR BARMAN", 0], "201700216": ["MD FARDEEN ALAM", 0], "201700218": ["Y NINGTHOIBI DEVI", 0], "201700219": ["RISHIKESH BORAH", 0], "201700220": ["ANURIMA DUBEY", 0], "201700221": ["NAVIN GURUNG", 0], "201700222": ["TANAY PANDEY", 0], "201700223": ["SITOSHNA CHHETRI", 0], "201700224": ["SIDDHARTH DHAWAN", 0], "201700225": ["ABHINOV DUTTA", 0], "201700226": ["HAMZA YASSIR", 0], "201700228": ["ARSH MISHRA", 0], "201700230": ["NAYAN JAIN", 0], "201700233": ["AKASH KUMAR JASPAL", 0], "201700234": ["PRIT PRADHAN", 0], "201700235": ["BHAGWAN SINGH", 0], "201700236": ["NANU KARPUK", 0], "201700237": ["ANANYA SARKAR", 0], "201700238": ["THANDRA SAI YESHWANTH GOUD", 0], "201700239": ["JAS KAUSHAL SANGANI", 0], "201700240": ["BISHAL PAUDEL", 0], "201700241": ["SAKSHAM RASTOGI", 0], "201700242": ["AMLAN JYOTI BHARALI", 0], "201700244": ["ANURAN DUTTA", 0], "201700245": ["YASH KUMAR", 0], "201700246": ["JITESH", 0], "201700247": ["RESHAW RAJ", 0], "201700249": ["DIVYANSHU NIGAM", 0], "201700250": ["KASHFI AJAZ", 0], "201700253": ["ATREYA UDAMOY", 0], "201700254": ["RAVI TEJASWINA", 0], "201700257": ["PRATYUSH RAJ", 0], "201700258": ["KUMAR ABHINAV", 0], "201700259": ["ANJALI AGARWAL", 0], "201700261": ["ANURAG HARSH", 0], "201700263": ["RACHANA GUPTA", 0], "201700266": ["SAQLAIN MUSTAFA", 0], "201700267": ["JISHNU SAI M", 0], "201700268": ["AASHISH VIDYARTHI", 0], "201700269": ["SHRUTI GUPTA", 0], "201700270": ["ANKIT SAMAL", 0], "201700271": ["RAGHWENDRA SINGH", 0], "201700274": ["PRATIK PRADHAN", 0], "201700275": ["VIKRAM PRASAD GUPTA", 0], "201700276": ["ABHIK MEHATA", 0], "201700277": ["Louremdam Deepak", 0], "201700278": ["KRISHNA KUMAR", 0], "201700279": ["STEVENS PHILIP", 0], "201700280": ["RENDUCHINTALA SRIKANTH SARMA", 0], "201700281": ["SHIVAM RAJ", 0], "201700282": ["SUNNY KUMAR", 0], "201700283": ["MUSKAAN PODDAR", 0], "201700284": ["ARSH KUMAR SHAW", 0], "201700286": ["MEDHA MANSI", 0], "201700287": ["AMRITRAJ PAUL", 0], "201700290": ["PRINCE", 0], "201700291": ["REBECCA SHRUTI SOREN", 0], "201700293": ["AREEN SAHU", 0], "201700294": ["ASHWIN ADARSH", 0], "201700295": ["SHARADIA CHOUDHURY", 0], "201700296": ["PALAK AGARWAL", 0], "201700298": ["RITHIK KAILASHCHAND CHAUDHARY", 0], "201700299": ["PRATYUSH KASHYAP", 0], "201700300": ["RUPAM UPADHYAI", 0], "201700301": ["SANAKKAYALA ESWARA VENKATA SAI PRAMOD", 0], "201700303": ["ANKITESH RAJ", 0], "201700304": ["AYON SHARMA", 0], "201700306": ["NIKHIL GAUTAM", 0], "201700307": ["BANDLA SAI RAMYA KAMALI", 0], "201700309": ["SAYAN CHATTERJEE", 0], "201700311": ["ADARSH ANAND", 0], "201700313": ["DEBADITYA MOITRA", 0], "201700315": ["NIMISH BHARDWAJ", 0], "201700316": ["AYUSH KUMAR", 0], "201700317": ["AYUSH RAI", 0], "201700318": ["KOTARI LAKSHMITA", 0], "201700319": ["VEDANT N PATEL", 0], "201700320": ["ZEESHAN ALI KHAN", 0], "201700321": ["NIKHIL KERKETTA", 0], "201700322": ["AYUSHMAN RAJ", 0], "201700323": ["RAHUL DANGI", 0], "201700324": ["JAHNU PRAN LAHKAR", 0], "201700325": ["ABHISHEK MANGAL", 0], "201700326": ["NISHANT GUPTA", 0], "201700328": ["VAIBHAV SINGH", 0], "201700329": ["TUHINANGSHU ADITYA", 0], "201700330": ["PRANSHU DATTA", 0], "201700331": ["PUSHKAR SRIVASTAVA", 0], "201700332": ["REWA SINGH CHAUHAN", 0], "201700335": ["RAMAN VERMA", 0], "201700336": ["ABHAY KUMAR GUPTA", 0], "201700338": ["RAVI ANAND", 0], "201700340": ["RAVI KUMAR", 0], "201700342": ["NANDITA SARKAR", 0], "201700345": ["DIPTESH DUTTA", 0], "201700347": ["ADYASHA TRIPATHY", 0], "201700349": ["BIDISHA BORGOHAIN", 0], "201700350": ["PRAVEEN RAJ M", 0], "201700351": ["MOHAMMAD SHAIQUE IFTEKHAR ALAM", 0], "201700353": ["RUDRANI RAMAKANT BAHURUPI", 0], "201700357": ["DIKSHIT ASHUTOSH", 0], "201700359": ["AKHIL RANA", 0], "201700361": ["PRATYANSHI CHATURVEDI", 0], "201700362": ["PRATYASHI DUTTA", 0], "201700363": ["SHARMISTHA BHATTACHARJEE", 0], "201700364": ["DIPAYAN PAUL", 0], "201700365": ["ANKIT SHRIVASTAVA", 0], "201700368": ["VENKTESH KUMAR", 0], "201700369": ["SUYASH GUPTA", 0], "201700371": ["TWINKLE SHARMA", 0], "201700372": ["MAINAK BHOWMICK", 0], "201700379": ["PARTH RASTOGI", 0], "201700381": ["KRISHNA SHANKAR KARAJAGI", 0], "201700382": ["LAKSHIT AGARWAL", 0], "201700383": ["YSVB PRAKASH REDDY", 0], "201700384": ["SHASHWAT TYAGI", 0], "201700386": ["SHUBHAM MITTAL", 0], "201700388": ["HIMANSHU SHARMA", 0], "201700391": ["NIHARIKA RAJESH MODI", 0], "201700392": ["VAIBHAV RATHORE", 0], "201700395": ["YASHARTH GUPTA", 0], "201700396": ["SOFI PRADEEP BHADANI", 0], "201700397": ["AYUSH RAJ SINGH", 0], "201700398": ["ARJUN SINGH ROPERIA", 0], "201700399": ["DUSHYANTH CHOWDARY Y", 0], "201700400": ["AADHAR GUPTA", 0], "201700401": ["ASTHA SINGH", 0], "201700402": ["SANGHAMITRA DUTTA", 0], "201700403": ["ADHYYAN  TRIPATHI", 0], "201700404": ["SHREESH NARAYAN SINGH", 0], "201700405": ["TANMOY LAHKAR", 0], "201700408": ["ADITI HEMANT GAIKWAD", 0], "201700409": ["RASHIKA ARUN", 0], "201700411": ["SUMAN MOHANTY", 0], "201700412": ["NEERAJ VIJAY WEDHANE", 0], "201700413": ["MOHIT SRIVASTAVA", 0], "201700415": ["DIPKONA ROY", 0], "201700417": ["ARITRO BANDYOPADHYAY", 0], "201700418": ["UTSAV KUMAR", 0], "201700419": ["MARSHA MAHTAB", 0], "201700421": ["AAYUSH KUMAR DAS", 0], "201700422": ["AVIJIT DEB", 0], "201700423": ["AAKASH KUMAR", 0], "201700424": ["AMBARISH DUTTA", 0], "201700425": ["RISHAV SINHA", 0], "201700426": ["ARINDAM ARYA", 0], "201700427": ["VISHWA VIJAY SINGH", 0], "201700428": ["MAHUL RANA", 0], "201700429": ["DEEPRO ABHIJIT BANERJEE", 0], "201700430": ["KUMAR AVI ADITYA", 0], "201700432": ["SAMRAT HALDAR", 0], "201700433": ["UTSAV DUBEY", 0], "201700434": ["RAGHAV ANAND", 0], "201700435": ["HARDIK SARAF", 0], "201700437": ["AMAN", 0], "201700438": ["APARAJITA DAS", 0], "201700439": ["VISHAL PRATAP SINGH", 0], "201700440": ["PRITISH MOHANTY", 0], "201700441": ["SHUCHI GHANATE", 0], "201700443": ["HARSH AGRAWAL", 0], "201700444": ["AAKARSH GILL", 0], "201700445": ["MANVENDRA SINGH BUNDELA", 0], "201700446": ["SOURAV DEY", 0], "201700450": ["BURHAN JAVAID RESHI", 0], "201700451": ["SAURABH SUMAN", 0], "201700452": ["BHAGWATI DANGI", 0], "201700453": ["ABHAY KUMAR", 0], "201700456": ["NEHAL SHAQUIB", 0], "201700459": ["MOHAMMED OSAID KAMAL", 0], "201700460": ["ANUBHAV KAR", 0], "201700461": ["SAKET KUMAR JHA", 0], "201700463": ["AKASH TIWARY", 0], "201700466": ["ADITYAA ANAND", 0], "201700467": ["NIKHIL KUMAR", 0], "201700468": ["UDDHRITI DEBBARMA", 0], "201700470": ["DEBASHIS KALITA", 0], "201700472": ["AKASH RAJ", 0], "201700474": ["AMBUJ YADAV", 0], "201700475": ["PANKAJ TIWARI", 0], "201700476": ["VIPIN SYAM", 0], "201700477": ["PALLERLA GOPI REDDY", 0], "201700478": ["BANERJEE SHUBHANKAR", 0], "201700483": ["ANSHUMAN SINGH", 0], "201700484": ["VASUDEV GUPTA", 0], "201700485": ["RISHABH YADAV", 0], "201700486": ["LOVEDEEP SINGH", 0], "201700487": ["ANKIT KHALKHO", 0], "201700488": ["MANISH SRIVASTAVA", 0], "201700489": ["ADARSH KUMAR RAI", 0], "201700490": ["KRISHNA KANTH RATHI", 0], "201700491": ["CHANDRASALI LAXMAN VIVEK", 0], "201700493": ["RITHIKA BAZAR", 0], "201700494": ["SWAROOP KUMAR GUPTA", 0], "201700496": ["S.M. QAMAR HAYAT", 0], "201700497": ["PIYUSH PRIYADARSHI", 0], "201700498": ["KARTHAVYA MAROJU KIRAN KUMAR", 0], "201700499": ["SIMRAN SINGH", 0], "201700500": ["ANKIT YADAV", 0], "201700501": ["MUTUPURI ANU ABHIVARYA", 0], "201700502": ["YASH KUMAR", 0], "201700503": ["APURV RAJ", 0], "201700504": ["AMIT BARLA", 0], "201700505": ["PRANAY AJITH KUMAR", 0], "201700507": ["RAHUL SHRIVASTAVA", 0], "201700509": ["SIBJI RABI DAS", 0], "201700510": ["BADICHAPTA DEKA BARO", 0], "201700511": ["RAMDINMAWII", 0], "201700512": ["LIPO PUSANG", 0], "201700513": ["KRITIKA GARG", 0], "201700514": ["AKASH VARMA", 0], "201700515": ["Anamitro Mondal", 0], "201700516": ["ATHARVA VIJAY SUTAR", 0], "201700517": ["HRASHIKESH TIWARI", 0], "201700518": ["RHONIT MANDAL", 0], "201700520": ["SAJAL SHEKHAR", 0], "201700522": ["PRANAY KOTHARI", 0], "201700523": ["SHARMA NIKHIL UMAKANT", 0], "201700524": ["SHREYA SAKSHI", 0], "201700525": ["DHRUV PARASHAR", 0], "201700526": ["MIDO LIBANG", 0], "201700527": ["SUMAN DHAKAL", 0], "201700528": ["SAMBIT MUKHERJEE", 0], "201700529": ["LITISHA MOHAPATRA", 0], "201700531": ["AKASH PRASAD", 0], "201700532": ["SHIVES SINGH", 0], "201700533": ["RAPHROZHIIO  PUCHE", 0], "201700534": ["LANGLENTHOIBI WAIKHOM", 0], "201700535": ["KISHAN KUMAR", 0], "201700536": ["PRIYA PRADHAN", 0], "201700537": ["JYOTI RAI", 0], "201700538": ["RITIKA SAINI", 0], "201700542": ["CYRUS PRADHAN", 0], "201700543": ["ADARSH NIROLA", 0], "201700545": ["VARUN GIRI", 0], "201700546": ["JOHN ?DARNAL", 0], "201700548": ["TASHI DOMA SHERPA", 0], "201700549": ["LENDUP LEPCHA", 0], "201700550": ["PRADEEP THAPA", 0], "201700552": ["SAROJ THAPA MANGER", 0], "201700554": ["PALZANG DENZONGPA", 0], "201700555": ["BIDHISHA CHETTRI", 0], "201700556": ["ANUSHA NAMPALLY", 0], "201700557": ["PRASHANT KISHORE", 0], "201700558": ["L SHARANYA", 0], "201700559": ["ANIKET BASNETT", 0], "201700560": ["RAVI PRASAD", 0], "201700561": ["JYOTIRMAY SINHA", 0], "201700563": ["SANJEETA", 0], "201700564": ["SHOURAV MISHRA", 0], "201700565": ["PUJAN BHETWAL", 0], "201700566": ["KUSANG THEBE", 0], "201700568": ["KARMA KUNZANG TENZING BHUTIA", 0], "201711501": ["Y CHIRANJEEVI CHOUDARY", 0], "201711540": ["TANWANI AAKASH PREM", 0], "201712501": ["SAMIR RANJAN KALITA", 0], "201712502": ["P.VENKATESH", 0], "201713501": ["BISHAL MAINALI", 0], "201713502": ["BIJAY SHAH", 0], "201713503": ["ANJEELA BHUTIA", 0], "201713504": ["TITASH TAMANG", 0], "201713505": ["GANJI JAYA SRIKAR", 0], "201713506": ["SABINA SHERPA", 0], "201713507": ["UDAYA NARAYAN REGMI", 0], "201713508": ["TSHERING TOPGAY BHUTIA", 0], "201713509": ["KARMA SONAM LHAMU", 0], "201713510": ["SUCHITRA CHETTRI", 0], "201715501": ["MOHAMED BURQHARUDDEEN", 0], "201715502": ["RAMAN ADHIKARI(LE)", 0], "201716001": ["SISAM KAFLE", 0], "201716002": ["ANUBHAV MALHOTRA", 0], "201716003": ["URGEN DORJEE LEPCHA", 0], "201716004": ["PRAKASH CHANDRA MISHRA", 0], "201716005": ["ADITI MOHAN", 0], "201716006": ["JHANANTIKA NATH", 0], "201716008": ["HEMANT GURUNG", 0], "201716009": ["BARSHANA TAMANG", 0], "201716010": ["BIKRAM SARKAR", 0], "201716011": ["ANJALI RANA", 0], "201716012": ["AJAY RAI", 0], "201716013": ["SIDDHARTH RAI", 0], "201716014": ["MADHAB NIROLA", 0], "201716015": ["KESOW KUMAR GUPTA", 0], "201716016": ["DHIRAJ GIRI", 0], "201716018": ["BONIMA RAI", 0], "201716019": ["DAVID LAMA SHERPA", 0], "201716020": ["AKASH PARIYAR", 0], "201716021": ["PRAMOD GAUTAM", 0], "201716022": ["BHAWANA MUKHIA", 0], "201716023": ["ATUL PRADHAN", 0], "201716026": ["MUYUMA RAI", 0], "201716028": ["VISHWA DEO GURUNG", 0], "201716029": ["ABI CHANDRA THAMI", 0], "201716030": ["ANGSUMAN DUARAH", 0], "201716031": ["W. ROHIT KUMAR SINGH", 0], "201716033": ["PRASANNA DHUNGEL", 0], "201716034": ["SUSHANT RIJAL", 0], "201718501": ["MRINALINI RAI", 0], "201718502": ["ANGELLA DHUNGEL", 0], "201718503": ["ABINOM BILLIAM LEPCHA", 0], "201718504": ["SONAM TSHERING BHUTIA", 0], "201718505": ["PINTSO GYALTSEN", 0], "201718506": ["NORDEN TAMANG", 0], "201718507": ["SHESHAN PRADHAN", 0], "201718508": ["LADEN WANGMO BHUTIA", 0], "201718509": ["SUYASH RAI", 0], "201718510": ["DIWAKAR NEOPANEY", 0], "201718511": ["SAHIL TAMANG", 0], "201718512": ["ABINASH MOSAHARY", 0], "201718513": ["BISHAL RAI", 0], "201718514": ["DHIREN PRADHAN", 0], "201718515": ["ABHISHEK PRADHAN", 0], "201718516": ["ABHISHEK SHARMA", 0], "201718517": ["SHRAVAN KUMAR SHARMA", 0], "201718518": ["MUKUT SARKAR", 0], "201718519": ["ROHIT CHOWDHURY", 0], "201718520": ["ANMOL RAI", 0], "201718521": ["AMIT BHATTARAI", 0], "201718522": ["SAMER PRADHAN", 0], "201718524": ["PEMA DORJEE BHUTIA", 0], "201718525": ["CHULTIM BHUTIA", 0], "201718526": ["PRASHANT POUDYAL", 0], "201718527": ["TENZING TASHI BHUTIA", 0], "201718528": ["BABITA TAMANG", 0], "201718529": ["PEMA TAMANG", 0], "201718530": ["SONAM DOMA BHUTIA", 0], "201718531": ["NEETA DARNAL", 0], "201718532": ["ASMITA RAI", 0], "201718533": ["KARMA SHERAP PALDEN BHUTIA", 0], "201718534": ["ABISEK SUBBA", 0], "201718535": ["YESWANTH GURUNG", 0], "201718536": ["CHANGCHUP WOESER BHUTIA", 0], "201718537": ["BENAY TAMANG", 0], "201718540": ["ADARSH SUBBA", 0], "201718541": ["PRIYANKA SARMA", 0], "201719001": ["RAPTEN NAMGYAL WANGDI", 0], "201719003": ["KRISHMAND CHETTRI", 0], "201719005": ["MADHU CHETTRI", 0], "201719006": ["RAHUL RAJ", 0], "201719007": ["MUIGOOM SUBBA", 0], "201719008": ["SHIVA BALAK SHA", 0], "201719010": ["PREETY  SANKAR", 0], "201719011": ["NANG ARITA LONGKAN", 0], "201719012": ["SHIVAM KR. JAIN", 0], "201719013": ["RUBINA PRADHAN", 0], "201719014": ["ARJAMA  CHHETRY", 0], "201719016": ["Ujjwal Pradhan", 0], "201719017": ["VIDYA TIWARI", 0], "201719018": ["WASIM AHMED", 0], "201719019": ["SHANTAM AYUSH", 0], "201719020": ["ABHISHEK TAMANG", 0], "201719021": ["KETAN KUMAR", 0], "201719022": ["MAYANK ANAND", 0], "201719023": ["ASWIN PANDEY", 0], "201719024": ["UDAI SUBBA", 0], "201719025": ["ISHAL PRADHAN", 0], "201719026": ["NIKITA LAISHRAM", 0], "201719028": ["AAYUSH TIWARY", 0], "201719029": ["SUMIRAN GURUNG", 0], "201719030": ["NIVEDIT PRADHAN", 0], "201719031": ["SWATI KUMARI", 0], "201719034": ["SAAYAM SHARMA", 0], "201719035": ["SHAAN MANI SINGH", 0], "201719037": ["MAHEK POPLI", 0], "201719039": ["PRAMOD ADHIKARY", 0], "201719040": ["BADAL DAHAL", 0], "201719042": ["NEETU BHUJEL", 0], "201719044": ["KHELENA RAI", 0], "201719045": ["SUNITA SUBBA", 0], "201719047": ["TUSHAR DIXIT", 0], "201719048": ["KAMAL PRASHAD SHARMA", 0], "201719049": ["DIPANKAR BASUMATARY", 0], "201719050": ["SURAJ KUMAR", 0], "201719051": ["UTKARSHA BANIYA", 0], "201721201": ["SMYRNA MARY RAI", 0], "201721202": ["NANDU BHANDARI", 0], "201721203": ["POOJA CHATTERJEE", 0], "201721204": ["LOK NATH DULAL", 0], "201721205": ["SHOBHIT SHARMA", 0], "201721206": ["PRAVA ADHIKARI", 0], "201721207": ["JEENA SUBEDHI", 0], "201721208": ["MARTHA BASNETT", 0], "201721209": ["ANUP ACHARYA", 0], "201721211": ["ADITYA GURUNG", 0], "201721212": ["DEEPENDRA CHHETRI", 0], "201721213": ["SUMIT SIRUPALI", 0], "201721214": ["SURAJ BASNETT", 0], "201721215": ["AMIT POUDYAL", 0], "201721216": ["SUSMITA CHETTRI", 0], "201721217": ["DEEPEN BHATTARAI", 0], "201721219": ["BIBEK MISHRA", 0], "201721220": ["NIKITA CHHETRI", 0], "201721221": ["GOPAL SHARMA", 0], "201721222": ["ANISH RAJAN", 0], "201721223": ["NEEDIA SHARMA", 0], "201721224": ["MADAN GURUNG", 0], "201721225": ["SMITA RAI", 0], "201721226": ["SWAITA PRADHAN", 0], "201721301": ["NEHA GUPTA", 0], "201721302": ["ROSHNI CHETTRI", 0], "201721303": ["ARPANA SHARMA", 0], "201721304": ["MISMA LIMBOO", 0], "201721305": ["PRASHANTH GURUNG", 0], "201721306": ["INA DEVI CHETTRI", 0], "201721307": ["DHURBA POUDYAL", 0], "201721308": ["CHANDRA BAHADUR BASNET", 0], "201721309": ["SAYAN SHARMA", 0], "201721310": ["SUJATA ADHIKARI", 0], "201721311": ["ANINDITA BORA", 0], "201721312": ["AANG DAWA SHERPA", 0], "201721314": ["MEGHNA KHADKA", 0], "201721315": ["SUPRATIM KHATONIAR", 0], "201721316": ["PANKAJ BORDOLOI", 0], "201721317": ["BITUPON BORA", 0], "201721318": ["MANAS JYOTI GOGOI", 0], "201721319": ["MRINMOY SARMAH", 0], "201721320": ["NORCHENLA DOLKAR NAMKA", 0], "201721321": ["ROODRA LAL CHETRY", 0], "201721401": ["RITA NEPAL", 0], "201721402": ["DURGA PRASAD CHAPAGAI", 0], "201721403": ["BIPANA RAI", 0], "201721405": ["PRAKASH PRADHAN", 0], "201721406": ["RUCHI THAPA", 0], "201721407": ["GITA DEVI SHARMA", 0], "201721408": ["KUSUM CHETTRI", 0], "201721409": ["SUDARSHAN CHETTRI", 0], "201721410": ["ANJAN GAUTAM", 0], "201721411": ["INDRA CHETTRI", 0], "201721413": ["GAURAV THAPA", 0], "201721414": ["PURAN THAPA", 0], "201721415": ["BHIM KUMAR CHHETRI", 0], "201721416": ["DHARNIDHAR SHARMA", 0], "201722001": ["SUNNY PRADHAN", 0], "201722002": ["ANURAG RAI", 0], "201722004": ["PAVEL BISWAS", 0], "201722005": ["AMRITA KUMARI SINGH", 0], "201722514": ["NAYAN SUNAR", 0], "201723001": ["SOHINI GHOSH", 0], "201723002": ["PARIKSHIT SHARMA NEOPANAY", 0], "201723003": ["MOMI BHARALI", 0], "201723004": ["PRANESH RAI", 0], "201723005": ["SAURAV SUBBA", 0], "201723006": ["SWADHIN GURUNG", 0], "201723007": ["HEMANTA UPADHYAY", 0], "201723008": ["ANMOL PRADHAN", 0], "201723010": ["SOURAV DAS", 0], "201723012": ["APARNA SIL", 0], "201723013": ["AVINASH KHARDKA", 0], "201723014": ["RUVEENA SUBBA", 0], "201723016": ["CHARITARTNA PRADHAN", 0], "201723017": ["SONAM CHODEN BHUTIA", 0], "201723018": ["VARUN RAI", 0], "201723019": ["DIMPY KUMARI", 0], "201723020": ["ARPAN RAI", 0], "201723021": ["ARPAN PRADHAN", 0], "201723022": ["AMIT PRASAD GUPTA", 0], "201723023": ["AKASH DEEP MUKHIA", 0], "201723024": ["SUSHMITA PRADHAN", 0], "201723025": ["SUPRIYA SUBBA", 0], "201723026": ["PRABHAKAR BHUJEL", 0], "201723027": ["SONAM DADUL BHUTIA", 0], "201723028": ["ISHRAT ARA KHANAM", 0], "201723029": ["SAGAR RAI", 0], "201723030": ["DEV JYOTI RAJ", 0], "201723031": ["SEONG LEPCHA", 0], "201725001": ["AAMIR HAIDER", 0], "201725002": ["ABHINAV ANAND", 0], "201725005": ["DHERENDRA BHATTARA", 0], "201725006": ["TENPA RAPGAY SHERPA", 0], "201726001": ["Abinash Thapa", 0], "201800001": ["SUVAM MAITY", 0], "201800002": ["AMIT KUMAR BYAHUT", 0], "201800003": ["LAKSHYA THAPA", 0], "201800004": ["SWAR MEHTA", 0], "201800005": ["ADITYA SINGH RANA", 0], "201800006": ["KRITARTHA PATOWARY", 0], "201800007": ["PRANGAN KASHYAP", 0], "201800008": ["ARINDAM CHALIHA", 0], "201800009": ["SUMIT GUPTA", 0], "201800010": ["BISHAL BHATTACHARJEE", 0], "201800012": ["ADRIAN MACILWAINE", 0], "201800013": ["ABHISEK KUMAR PRASAD", 0], "201800014": ["AMARSHREE BHARADWAJ", 0], "201800015": ["ADITYA SINGH", 0], "201800016": ["GYANDEEP SARMAH", 0], "201800017": ["MRINAL PRADHAN", 0], "201800018": ["MEGHNA PRADHAN", 0], "201800020": ["HARSH KUMAR PANDEY", 0], "201800021": ["SASHANK SHARMA", 0], "201800022": ["ABHINAV CHANDRA JHA", 0], "201800023": ["VISHAL RAJ KASHYAP", 0], "201800024": ["SUCHISMITA PAUL", 0], "201800025": ["NIKHIL PRADHAN", 0], "201800026": ["AKSHAT DWIVEDI", 0], "201800027": ["PRAGYA MISHRA", 0], "201800028": ["AYUSH TIWARI", 0], "201800029": ["BIGNESWAR PRADHAN", 0], "201800030": ["ABING DOKA", 0], "201800031": ["SWATI SHARMA", 0], "201800032": ["DEBANGAN DEB", 0], "201800033": ["ANUSHKA DAS", 0], "201800034": ["Vishwajit Kumar", 0], "201800036": ["BHAGYA LAKSHMI", 0], "201800037": ["SANDESH PRADHAN", 0], "201800038": ["RICHIK GUHA", 0], "201800039": ["APURV SHUKLA", 0], "201800041": ["RAJ THAPA", 0], "201800042": ["AMIT KUMAR", 0], "201800043": ["SAURAV KUMAR BHUSHAN", 0], "201800044": ["MANAV TYAGI", 0], "201800045": ["VINAY MADDHESHIYA", 0], "201800046": ["AMAN SRIVASTAVA", 0], "201800047": ["SUDHANSHU DOTEL", 0], "201800048": ["MOHD ZAID", 0], "201800050": ["TONMOY GAUTOM", 0], "201800051": ["ARADHIT DAS", 0], "201800052": ["KSHITIZ MITTAL", 0], "201800054": ["MD DILWAR HUSSAIN", 0], "201800055": ["HARSHVARDHAN ANAND", 0], "201800056": ["VIBHUTI SHARMA", 0], "201800058": ["SRIDEEPTA SARKAR", 0], "201800059": ["DIXITA DEVI", 0], "201800065": ["SHAYANTAN DUTTA CHOUDHURY", 0], "201800066": ["DEBASHISH GOGOI", 0], "201800067": ["YUMN GAUHAR", 0], "201800068": ["RIZWAN ALI", 0], "201800069": ["KUSHAGRA KUMAR", 0], "201800071": ["TUSHAR NAYAN", 0], "201800073": ["SHREYA HALDER", 0], "201800074": ["NITISH KUMAR", 0], "201800075": ["PURBASHA BANAI", 0], "201800077": ["ARANYA JHA", 0], "201800078": ["SAYAN BHATTACHARJEE", 0], "201800080": ["SURAJ KUMAR OJHA", 0], "201800083": ["SUBHAJYOTI DAS", 0], "201800084": ["YASH H", 0], "201800085": ["ADITYA UPADHYAY", 0], "201800086": ["Deborshi Deb", 0], "201800088": ["praveen sharma", 0], "201800089": ["SHAIKH YUSUF NIAZ", 0], "201800090": ["PRATYUSH BARUAH", 0], "201800091": ["PIYUSH CHANDAN", 0], "201800092": ["ANTARA BURAGOHAIN", 0], "201800093": ["AYUSHMAN BHARADWAJ", 0], "201800094": ["SHUBHANS SHUKLA", 0], "201800095": ["SHUBHAM KUMAR", 0], "201800096": ["PRAKHAR SHARMA", 0], "201800097": ["DEBRAJ DAS", 0], "201800098": ["RITWIK RANJAN PANDEY", 0], "201800099": ["SOMESH KUMAR", 0], "201800100": ["MUDDASSIR HUSSAIN", 0], "201800101": ["HARISH CHANDRA DAS", 0], "201800102": ["SAAYUJJYA GURUNG", 0], "201800103": ["RUPAYAN BHATTACHARJEE", 0], "201800104": ["RACHIT RAJALIM RAI", 0], "201800106": ["DHARKAN BHATTARAI", 0], "201800107": ["ADITI KARMAKAR", 0], "201800108": ["GOKARNA SHRESTHA", 0], "201800109": ["UDDHAV GUPTA", 0], "201800111": ["ROHIT RANJAN", 0], "201800112": ["OINDRILLA RAKSHIT", 0], "201800115": ["JAPHUNGSAT NARZARY", 0], "201800116": ["ARSHYA MUKHERJEE", 0], "201800117": ["NEELJIT KUMAR", 0], "201800118": ["PEMA NAMGYAL BHUTIA", 0], "201800119": ["AMAN AGARWAL", 0], "201800122": ["VANSHAJ VIVEK", 0], "201800124": ["RIYYA RIBA", 0], "201800125": ["AMRIT AMRITESH", 0], "201800126": ["DEVANG S KRISHNA", 0], "201800129": ["SHIVANSH TRIPATHI", 0], "201800131": ["RISHAV RAJ", 0], "201800132": ["GOURAV GUPTA", 0], "201800133": ["TEJODEEP BOSE", 0], "201800134": ["MANJIT CHOUDHURY", 0], "201800135": ["MANOJ SINGH", 0], "201800139": ["MANAS", 0], "201800140": ["ASHISH NEWAR", 0], "201800141": ["PRANJALI SANJAY BHOT", 0], "201800143": ["NZANO C KIKON", 0], "201800144": ["ANUPAM UPADHYAYA", 0], "201800145": ["SHIVALIKA MOHAN", 0], "201800146": ["SHOVIT TAMANG", 0], "201800147": ["ANKIT PANDEY", 0], "201800148": ["PIYUSH RANJAN", 0], "201800149": ["SHASHWAT KUMAR", 0], "201800150": ["SRIJAN BAGDAS", 0], "201800151": ["JASMINE PRASAD", 0], "201800152": ["NANSI BEGAM", 0], "201800155": ["SAMRAT SARKAR", 0], "201800156": ["DIPANJAN PAUL", 0], "201800157": ["YANGKEELA ETHENPA (BHUTIA)", 0], "201800158": ["RAGHUNANDAN CHAUDHARY", 0], "201800159": ["KANISHK ARYA", 0], "201800160": ["RICHIK CHOWDHURY", 0], "201800166": ["ANJULI  KONSHAM", 0], "201800167": ["AKRAM RAZA", 0], "201800168": ["BATCHALA RAVI TEJA", 0], "201800170": ["ABHIGYAN SRAIVASTAVA", 0], "201800171": ["AYUSHI", 0], "201800172": ["UTKARSH SHARMA", 0], "201800173": ["UPANSI", 0], "201800174": ["RETASH PRADHAN", 0], "201800176": ["SUBASH CHETTRI", 0], "201800178": ["NILAY GUPTA", 0], "201800180": ["ANAND JEE", 0], "201800181": ["VININO KHIEYA", 0], "201800182": ["MANAB DEY", 0], "201800183": ["SURAJ KHATI", 0], "201800185": ["RIYA", 0], "201800186": ["ABHIGYAN JHA", 0], "201800187": ["YANANG B KONYAK", 0], "201800188": ["BAIBHAV KUMAR", 0], "201800190": ["PREETI DAS", 0], "201800191": ["SANJU KUMAR GIRI", 0], "201800192": ["KUBER SAI PRABHU KANADE", 0], "201800194": ["SUNANDA  MIR  DUTRAJ", 0], "201800195": ["NIKUNJ BAID", 0], "201800196": ["Lukter Dubi", 0], "201800197": ["EASHANA", 0], "201800198": ["MANISH KUMAR SAH", 0], "201800199": ["MAYANK SUNIL PAGAR", 0], "201800200": ["SHIVAM SINGH", 0], "201800201": ["ROHAN GHIMIRE", 0], "201800202": ["SEEMANT SINHA", 0], "201800203": ["BISHAL SARKAR", 0], "201800204": ["AMAN KUMAR", 0], "201800205": ["VIVEK KUMAR PRASAD", 0], "201800206": ["PRASOON PATEL", 0], "201800208": ["ADITYA ARYA", 0], "201800209": ["NARALA SETTI SHANMUKHESWARI", 0], "201800210": ["JAI SRIVAN PADALA", 0], "201800211": ["SURAJ SHARMA", 0], "201800213": ["SIDDHARTH HAJONG", 0], "201800215": ["ADITYA SINGH", 0], "201800216": ["K S ADITYA VARMA", 0], "201800217": ["SHREYANSH ARUN GUPTA", 0], "201800218": ["NILESH ASHOK KUMAR RAJ", 0], "201800220": ["SUSHANT BHUSHAN", 0], "201800221": ["AYUSH", 0], "201800222": ["RAUSHAN KUMAR KHETAN", 0], "201800223": ["SUSHANK RAJ", 0], "201800226": ["AMARDEEP MISHRA", 0], "201800227": ["RISHAV VERMA", 0], "201800228": ["HRITIK RAJ", 0], "201800229": ["PRAKHAR TIWARI", 0], "201800230": ["SHIVAM SAHU", 0], "201800231": ["TRISHITA SAHA", 0], "201800232": ["RAHUL CHOUDHARY", 0], "201800233": ["NILAY BHATNAGAR", 0], "201800234": ["GAURAV KUMAR", 0], "201800236": ["DHRUBA JYOTI CHOUDHURY", 0], "201800238": ["DIVYA ANAND SHRIVASTAVA", 0], "201800239": ["BISWA PRAKASH SHARMA", 0], "201800240": ["ELIKE HARI KIRAN BABU", 0], "201800241": ["SANKALP TIRWA SUNAR", 0], "201800242": ["SUBHAM JAIN", 0], "201800243": ["BIBHUTI BHUSHAN BEHERA", 0], "201800244": ["HOSINUR RAHAMAN SHEIKH", 0], "201800245": ["RICHA VERMA", 0], "201800246": ["SUSMITA BORO", 0], "201800247": ["SAURAV BHARTI", 0], "201800248": ["PUNOL NORZAT", 0], "201800249": ["ANIKIT ANAND", 0], "201800250": ["PUSPANJALI PRADHAN", 0], "201800251": ["RANJAN KUMAR", 0], "201800252": ["SUBHADEEP GHOSH", 0], "201800253": ["NABIGANI SRINIVAS", 0], "201800255": ["RAHUL NARESH KHICHI", 0], "201800256": ["RUPALI SINHA", 0], "201800258": ["FAUJVEER SINGH", 0], "201800259": ["ANSHUL PANDEY", 0], "201800260": ["AMAN SINGH", 0], "201800261": ["AISHEE BHATTACHARYA", 0], "201800262": ["RIJO RIBA", 0], "201800263": ["TARIQUE ANWAR", 0], "201800265": ["PULIGOWNI PAVAN KALYAN", 0], "201800266": ["JOSHNA KOTHA", 0], "201800267": ["ARINDAM MUKHERJEE", 0], "201800271": ["INDIRA S", 0], "201800272": ["SHRESTHA SARDA", 0], "201800274": ["SUNIL  MINTRI", 0], "201800275": ["SIDDHARTH JOSHI", 0], "201800276": ["PRAGYA JAISWAL", 0], "201800278": ["KURUBA ANANTH K. ANIRUDH", 0], "201800280": ["SAHIL LIMBOO", 0], "201800281": ["AMISHA SINGH", 0], "201800282": ["RISHABH KUMAR", 0], "201800283": ["SHREYANSH ALOKKUMAR SHUKLA", 0], "201800284": ["ANKUR BYAHUT", 0], "201800285": ["AMIT KUMAR CHAUDHARY", 0], "201800286": ["SANJEET KUMAR", 0], "201800288": ["SAKSHAM AMAR", 0], "201800289": ["SUBHASISH KARMAKAR", 0], "201800290": ["SHASHANK SAXENA", 0], "201800291": ["SUMIRAN PRADHAN", 0], "201800292": ["NILKANT SINGH", 0], "201800293": ["TUSHAR VASUDEV", 0], "201800294": ["DEEPAK SINGH", 0], "201800295": ["Gaurav Kumar", 0], "201800296": ["AAKANKSHA DUBEY", 0], "201800297": ["DEBJYOTI SEN", 0], "201800298": ["VEDANT", 0], "201800299": ["SIDDHARTH POPLI", 0], "201800300": ["JALAJ PRADHAN", 0], "201800301": ["ARPIT GUPTA", 0], "201800302": ["SUSANGNA KARANUR", 0], "201800304": ["MD SAMIR HUSSAIN", 0], "201800305": ["PRATIK PRADHAN", 0], "201800306": ["RITVIK KUMAR", 0], "201800307": ["SIDDHARTH CHHETRI", 0], "201800308": ["NISHITA SHARMA", 0], "201800309": ["MANDEEP GUPTA", 0], "201800310": ["SHAHIL RAI", 0], "201800311": ["PONNAPALLI PRAVALLIKA", 0], "201800312": ["ADWITI DAHAL", 0], "201800313": ["MUKSAM LIMBOO", 0], "201800314": ["ANIRUDDH KUMAR KANAK", 0], "201800315": ["ANCHITYA", 0], "201800316": ["IRENE SUBBA", 0], "201800317": ["ASHISH SAHA", 0], "201800318": ["SIDDHARTH BASNET", 0], "201800320": ["Rinchen Palzong Bhutia", 0], "201800322": ["BINAY KUMAR GUPTA", 0], "201800324": ["NITEN PRADHAN", 0], "201800326": ["PRAGYAN PANDEY", 0], "201800328": ["MD SAIF ALI ANSARI", 0], "201800329": ["DEBASISH MEDHI", 0], "201800330": ["PRAVIN RAMUDAMU", 0], "201800331": ["MD AMAANUL HAQUE", 0], "201800333": ["ASHIS TIWARI", 0], "201800334": ["DEV PRADHAN", 0], "201800335": ["ZEESHAN ALI", 0], "201800336": ["HARSHAJYOTI DAS", 0], "201800337": ["ARIJIT MONDAL", 0], "201800338": ["RITURAJ CHOUDHURY", 0], "201800339": ["RAVI RAUSHAN", 0], "201800340": ["UDDIPTA MAHANTA", 0], "201800341": ["DISHA BHATTACHARYYA", 0], "201800343": ["ASHISH KUMAR", 0], "201800344": ["ABDUL BASIT", 0], "201800345": ["SWAPNIL KUNKAL", 0], "201800451": ["SANMOY DEV PURKAYASTHA", 0], "201800452": ["ABRAHAM SUGIRTHAN V", 0], "201800453": ["SANXCHEP SHARMA", 0], "201800454": ["VIBHANSHU MISHRA", 0], "201800455": ["DEVANANDINI DEY", 0], "201800456": ["RAHUL KUMAR SHARMA", 0], "201800457": ["PRATAP SIKDAR", 0], "201800458": ["LOHIT PAUL", 0], "201800459": ["VAIBHAV KAUSHIK", 0], "201800460": ["MAYANK SHARMA", 0], "201800461": ["ARYAN FELIX", 0], "201800462": ["PIYUSH BIST", 0], "201800463": ["AYUSH PRASAD", 0], "201800464": ["PRAMIT PUJARA", 0], "201800465": ["KUMAR VISHAL", 0], "201800466": ["ISHAAN PAHWA", 0], "201800467": ["AKANSHA SINHA", 0], "201800468": ["ANAMITRA GHORUI", 0], "201800469": ["HARSH", 0], "201800470": ["SOHAM DAS", 0], "201800471": ["AAYUSH KUMAR JHA", 0], "201800472": ["AMAN SHRIVASTAVA", 0], "201800474": ["ABEER SINGH", 0], "201800475": ["AMIT KUMAR VERMA", 0], "201800476": ["KRITI SHARMA", 0], "201800478": ["SIDDHATRI MATHUR", 0], "201800481": ["VISHESH DAHIMA", 0], "201800482": ["ASHISH DEV NAGAR", 0], "201800483": ["MAHIMA YADAV", 0], "201800484": ["VIVEK CHIKKALA", 0], "201800485": ["PRATEEK MAHINDRAKAR", 0], "201800487": ["AVIRUP MAITY", 0], "201800488": ["ADITI BANSAL", 0], "201800489": ["DEVANSHU GUPTA", 0], "201800490": ["HITESHI SINGHAL", 0], "201800491": ["SRIJAN SINGH", 0], "201800492": ["AADITYA KUMAR", 0], "201800493": ["HARSHIL SAH", 0], "201800494": ["HARSH KUMAR", 0], "201800495": ["GOTTIPATI SRIRAM", 0], "201800496": ["RAHUL KUMAR SINGH", 0], "201800497": ["JINEN ALPESHKUMAR MODI", 0], "201800498": ["AKSHAY KUMAR", 0], "201800499": ["SHEKHAR SEN", 0], "201800500": ["KRITIKA BERRY", 0], "201800501": ["NILESH SUMERSINGH RAJPUROHIT", 0], "201800505": ["NISTHA RAJ", 0], "201800506": ["ADITYA ANAND", 0], "201800507": ["AAYUSH RAJAT KESARWANI", 0], "201800508": ["AYUSH RAINA", 0], "201800509": ["SIDDHARTH OJHA", 0], "201800510": ["SHREYA SENGAR", 0], "201800512": ["RHYS RAHMAN", 0], "201800513": ["ARIJEET RAKSHIT", 0], "201800514": ["SHIRSENDU MISRA", 0], "201800515": ["PRANAY BARLA", 0], "201800516": ["DIVYANSH BHAGERIA", 0], "201800517": ["RACHIT JAIN", 0], "201800518": ["ROHIT RANJAN", 0], "201800519": ["ABHINAV SHARMA", 0], "201800520": ["SHAADMAAN ADIL RAZA", 0], "201800521": ["PILLA ABHISHEKA CHANDRA", 0], "201800522": ["SHREYANSH KUMAR SINHA", 0], "201800523": ["SWAGAT PANDA", 0], "201800524": ["HARSHVARDHAN AGARWAL", 0], "201800526": ["VINAYAK SRIVASTAVA", 0], "201800527": ["ROUNAK GHOSAL", 0], "201800528": ["DHRUV KUMAR JHA", 0], "201800529": ["ANANDA KRISHNAN S", 0], "201800531": ["SREE RAGA LAHARI GUTTIKONDA", 0], "201800532": ["KHAN NAMEER", 0], "201800533": ["JISHNUDEEP BHATTACHARJEE", 0], "201800534": ["ATHARVA VINAY PANDE", 0], "201800535": ["RAGHAV KHANDELWAL", 0], "201800536": ["JASKARAN SINGH REEN", 0], "201800537": ["SAMAKSH MALHOTRA", 0], "201800538": ["YASHI DHAWAN", 0], "201800539": ["KUMARI AYUSHI SINHA", 0], "201800540": ["BALRAJ JHA ANAND", 0], "201800541": ["PRAJAKTA SUDHIR GHORPADE", 0], "201800543": ["PRATYUSH SHARMA", 0], "201800544": ["PASHAM THARUN REDDY", 0], "201800545": ["SHAIVYE SINGH", 0], "201800546": ["AVIGYAN ARNAV PATOWARY", 0], "201800547": ["BHASKAR ACHARYA", 0], "201800549": ["ALANKRITA SINGH", 0], "201800550": ["ROHIT AJITSARIYA", 0], "201800551": ["KUMAR AYUSH", 0], "201800552": ["ANSHU KUMAR", 0], "201800553": ["GUDIPATI SUNNIHITH", 0], "201800555": ["GOURAV BAID", 0], "201800556": ["GATIK MISRA", 0], "201800558": ["RISHI BHATNAGAR", 0], "201800560": ["PRASHANT RAJ BAJRAY", 0], "201800561": ["KETAN RAUNIYAR", 0], "201800562": ["MANTHAN SHARMA", 0], "201800564": ["AYUSHI PRASAD", 0], "201800567": ["MATTAPELLY YUGENDER RAO", 0], "201800568": ["NAMAN JAIN", 0], "201800569": ["SWARINIM SUDHANSHU", 0], "201800570": ["RUMELA GHOSAL", 0], "201800573": ["AKSHAT KEDIA", 0], "201800575": ["HARSH KUMAR SHARMA", 0], "201800576": ["DEEPESH ARSH", 0], "201800577": ["JAFAR SADIQUE", 0], "201800578": ["GERSHOM RAJIV DIWAN", 0], "201800579": ["SRI DATTU BODDA", 0], "201800580": ["SHRUTI AVINASH GHORPADE", 0], "201800581": ["PRAVEEN KUMAR NIDIDANA", 0], "201800582": ["AMBUJ SHEKHAR", 0], "201800583": ["SUDIPTA GANGULY", 0], "201800584": ["KOPPISETTI SOURAV NAIDU", 0], "201800585": ["SIDDHANT KUMAR", 0], "201800586": ["SINGAY WANGCHUK", 0], "201800587": ["VEDANSH AMBASTA", 0], "201800588": ["AMAN SRIVASTAVA", 0], "201800589": ["ABHILASH PATEL", 0], "201800590": ["ROHAN BARUAH", 0], "201800591": ["UMANG TIWARI", 0], "201800592": ["NAMAN ARORA", 0], "201800594": ["RISHAB AGARWAL", 0], "201800595": ["ANIRUDH VENKAT SATYA PAPPU", 0], "201800596": ["HARSH SHRINET", 0], "201800597": ["SOHAM DE", 0], "201800598": ["MEGHRAJ DEVENDRA TANDURKAR", 0], "201800601": ["AMISHA AGRAWAL", 0], "201800602": ["SAI PRATYUSH VARMA PINNAMARAJU", 0], "201800603": ["PALLAV BISHI", 0], "201800604": ["KUMAR SUMAN SUBHANKAR", 0], "201800605": ["ANANT DAYAL", 0], "201800606": ["ADVAIT AJAY GANGOLI", 0], "201800607": ["AYUSH BHARDWAJ", 0], "201800608": ["HRITIK KUMAR SINGH", 0], "201800609": ["LUSH GULATI", 0], "201800610": ["TULIP SRIVASTAVA", 0], "201800611": ["JAY KUMAR", 0], "201800612": ["ADITYA MISHRA", 0], "201800613": ["HARSH KUMAR MORANE", 0], "201800615": ["MOHIT KUMAR CHOURASIA", 0], "201800616": ["ASHUTOSH PANDA", 0], "201800618": ["AJIT KUMAR", 0], "201800619": ["ANANTIKA SRIVASTAVA", 0], "201800620": ["NIHAL PHUKAN", 0], "201800621": ["SHIVAM KUMAR", 0], "201800622": ["MAYANK KUMAR", 0], "201800624": ["CHANDRESH SINGH", 0], "201800625": ["AKSHAYA REDDY PULUGU", 0], "201800628": ["ROHAN PRASAD", 0], "201800629": ["LOKESH KUMAR NALOT", 0], "201800630": ["KANGKAN JYOTI RAY", 0], "201800631": ["RISHABH", 0], "201800633": ["SURAJ KUMAR", 0], "201800635": ["AAKARSH CHAUHAN", 0], "201800636": ["ISHAAN BILLA", 0], "201800637": ["HARSH PAGARIA", 0], "201800638": ["SETU PANDEY", 0], "201800639": ["PARAG GHOSH", 0], "201800640": ["YASH SONI", 0], "201800641": ["AMIT BALASAHEB GANGANE", 0], "201800642": ["ATHARVA AKSHAT", 0], "201800643": ["SHIKHAR DWIVEDI", 0], "201800645": ["SAGAR KUMAR", 0], "201800646": ["PRIYAVRAT UPADHYAY", 0], "201800647": ["ABHISHEK DAS", 0], "201800648": ["PINDIPROLU ROSHAN", 0], "201800649": ["VASAV RAJ SHUKLA", 0], "201800650": ["ABHISHEK RAJ", 0], "201800651": ["PRATHAAM MODI", 0], "201800653": ["EDWIN JOY", 0], "201800655": ["NILAV  SAIKIA", 0], "201800656": ["VEDANT SHREEYANSH", 0], "201800657": ["RUPAYAN GHOSH", 0], "201800658": ["SIVA KARTHIK PRATAPA", 0], "201800659": ["AMEY VASANT KUMBHARE", 0], "201800660": ["ANURAG RAI", 0], "201800661": ["JISHAN MOHSIN YAMANI", 0], "201800701": ["UTTKARSH GUPTA", 0], "201811501": ["AKANASH RAI", 0], "201811502": ["SNEHA GUPTA", 0], "201811503": ["AMIR DAHAL", 0], "201811504": ["KAJAL SUBBA", 0], "201811505": ["NITESH RAI", 0], "201811506": ["BIPAL KHANAL", 0], "201811507": ["UJJAWAL SINGH", 0], "201812502": ["DEBADRITA DAS", 0], "201813501": ["PRATIKSHA CHETTRI", 0], "201813502": ["MONIKA TAMANG", 0], "201813504": ["PRATAP SINGH BHATTARAI", 0], "201813505": ["AASHISH SUBBA LIMBOO", 0], "201813506": ["KUSHAL KOIRALA", 0], "201813507": ["TARMIT LEPCHA", 0], "201813508": ["ONGMU BHUTIA", 0], "201813509": ["ABHISHEK DANGAL", 0], "201813510": ["SIMRAN SHILAL", 0], "201813511": ["ISMITA BHANDARI", 0], "201813513": ["ANUPAM SUBEDI", 0], "201813514": ["PRAZWAL KHATI", 0], "201815501": ["BASANT ADHIKARI", 0], "201815502": ["BIVEK GIRI", 0], "201815503": ["KINCHO TSHETEN BHUTIA", 0], "201815504": ["RINGZING BHUTIA", 0], "201815505": ["KARMA TOPDEN BHUTIA", 0], "201816002": ["RAJANISH BORAH", 0], "201816003": ["ABHISHEK RAI", 0], "201816004": ["SOMDATTA SIKDAR", 0], "201816005": ["MINTU SHAW", 0], "201816006": ["ROHAN SHARMA SITOULA", 0], "201816007": ["AISHWARYA", 0], "201816008": ["DEBASHREE KASHYAP", 0], "201816009": ["SILA KUMARI THAKUR", 0], "201816010": ["SHRADDHA UPADHAYA", 0], "201816011": ["SUMIRAN RAI", 0], "201816012": ["BISHAL KUMAR RIJAL", 0], "201816013": ["PRIYA CHOUDHURY", 0], "201816014": ["ANUBRATA MALLIK", 0], "201816015": ["ROSHAN THAKUR", 0], "201816016": ["TSETAN TASHI", 0], "201816017": ["SUSHANT DHAKAL", 0], "201816018": ["MANISH KUMAR GUPTA", 0], "201816019": ["SANDEEP KUMAR THAKUR", 0], "201816020": ["AADARSH VARMA", 0], "201816021": ["AVINASH SHARMA", 0], "201816022": ["AKUMTOSHI JAMIR", 0], "201816023": ["TARUSH PRADHAN", 0], "201816024": ["DAARAB FIROZI", 0], "201816025": ["SUSHIL CHETTRI", 0], "201816026": ["AMIT TIWARI", 0], "201816027": ["TASHI DORJEE BHUTIA", 0], "201816028": ["MD. ALQAMA HASNAIN", 0], "201816029": ["MEHNAZ KHAN", 0], "201816030": ["AKBAR ALI M.N", 0], "201816031": ["ROSE BHETWAL", 0], "201816032": ["SHREY SINGH", 0], "201816033": ["NAYAN PRADHAN", 0], "201816035": ["MASOOM", 0], "201816036": ["ANKUR KUMAR", 0], "201816037": ["AKASH TAMANG", 0], "201816038": ["PRAYAG RAI", 0], "201818501": ["DHANANJAY GURUNG", 0], "201818502": ["SHIDARTH POKHREL", 0], "201818503": ["MANISH DHUNGEL", 0], "201818504": ["ALISHA SHARMA", 0], "201818505": ["NEHARIKA BHATTARAI", 0], "201818506": ["ROSHNI PRADHAN", 0], "201818507": ["DEEPAN RAI", 0], "201818508": ["MUKSAM LIMBOO", 0], "201818509": ["MANDIRA RAI", 0], "201818510": ["ABIJIT SHARMA", 0], "201818511": ["ANMOL SHARMA", 0], "201818512": ["TSHERING PEMA BHUTIA", 0], "201818513": ["PRAVESH ADHIKARI", 0], "201818514": ["ANITA RAI", 0], "201818515": ["SAMICHHA SEDAI", 0], "201818516": ["MD. SAHID AZAD", 0], "201818517": ["KRISHNA SHARMA", 0], "201818518": ["KARMA SONAM DADUL BHUTIA", 0], "201818519": ["PUNAM PRADHAN", 0], "201818520": ["PRITTYLA LEPCHA", 0], "201818521": ["SABHNAM GURUNG", 0], "201818522": ["HANSEL SUBBA", 0], "201818523": ["PRAVESH PRADHAN", 0], "201818524": ["LYANGDOK CHUGYEN LEPCHA", 0], "201818525": ["VISHAL PRADHAN", 0], "201818526": ["SANGAY LHADON BHUTIA", 0], "201818527": ["RUSHALI MOTHEY", 0], "201818528": ["PRAYASH MUKHIA SUNWAR", 0], "201818529": ["SONAM TSHERING BHUTIA", 0], "201819001": ["Nalina Pradhan", 0], "201819002": ["Priyanka Chhetri", 0], "201819003": ["Nilotpal Kashyap", 0], "201819004": ["Karma Dorjee Bhutia", 0], "201819005": ["Sailesh Kumar Keshri", 0], "201819006": ["Vivek Chhetri", 0], "201819007": ["Aditya Khanal", 0], "201819008": ["Siddhant Chhetri", 0], "201819009": ["Neelam Lama", 0], "201819010": ["Pakel Riba", 0], "201819011": ["Tenzing Champa Bhutia", 0], "201819012": ["Parvasee Pradhan", 0], "201819013": ["Arkodeep Dutta", 0], "201819014": ["DIKSHA SHAMBHAVI", 0], "201819015": ["Soumyadeep De Sarkar", 0], "201819016": ["SONAM TAMANG", 0], "201819018": ["Tashi Finjo Bhutia", 0], "201819019": ["Nirmal Chettri", 0], "201819020": ["Harshit Anand", 0], "201819021": ["ANJAN KUMAR SAH", 0], "201819022": ["Shubhdjit Ghosh", 0], "201819023": ["Yogesh Giri", 0], "201819024": ["KANAK KUMARI GUPTA", 0], "201819025": ["Rinchen Namgyal Bhutia", 0], "201819026": ["Bishal Rai", 0], "201819027": ["Denish Agarwal", 0], "201819028": ["Shreeya Shakya", 0], "201819029": ["Neha Kshetrimayum", 0], "201819031": ["Anish Sharma", 0], "201819032": ["Kirenjungba Longkumer", 0], "201819033": ["KARMA DOLMA BHUTIA", 0], "201819035": ["MIHANG SUBBA", 0], "201819036": ["BEDANTA ARYAL", 0], "201821201": ["SHASHWAT CHANDRA DAHAL", 0], "201821202": ["BINNAY KUMAR KHARKA", 0], "201821203": ["PRAYAG SARMA", 0], "201821204": ["DIVYA SHREE RAI", 0], "201821205": ["ADITYA CHHETRY", 0], "201821206": ["NISHANKUR DUTTA LAHKAR", 0], "201821207": ["SANKALPA BANERJEE", 0], "201821208": ["SUNIL KUMAR CHAURASIYA", 0], "201821209": ["RUBEN SUBBA", 0], "201821210": ["NABIN SHARMA", 0], "201821211": ["ASHIQUE IKBAL", 0], "201821212": ["BIBEK CHETTRI", 0], "201821213": ["BISHISWAR CHETTRI", 0], "201821214": ["BINDIYA SHARMA", 0], "201821215": ["RESERF TAMANG", 0], "201821216": ["NIKITA GURUNG", 0], "201821218": ["GANGAN BHATTARAI", 0], "201821219": ["PREM CHETTRI", 0], "201821220": ["BIVEK PRADHAN", 0], "201821221": ["RISHI POKHREL", 0], "201821222": ["NIRAJ KOIRALA", 0], "201821223": ["SAMUEL RAI", 0], "201821301": ["ROSHNI PRADHAN", 0], "201821302": ["MR SAUGAT CHETTRI", 0], "201821303": ["ADITYA CHETTRI", 0], "201821304": ["SABINA BEGUM", 0], "201821305": ["DARSHANA CHETTRI", 0], "201821306": ["SENAJ IQUBAL", 0], "201821307": ["LINCHO LEPCHA", 0], "201821309": ["MR ABISEK SUNAR", 0], "201821310": ["NARESH CHETTRI", 0], "201821311": ["MR ROSHAN SARMAH", 0], "201821312": ["AISHWARYA RAI", 0], "201821313": ["MR AVISHEK KHATIWARA", 0], "201821314": ["AMRITA KUMARI GUPTA", 0], "201821315": ["PRAJULA GURUNG", 0], "201821316": ["BHOJ RAJ CHHETRI", 0], "201821318": ["KISHOR GHIMIREY SHARMA", 0], "201821319": ["KAILASH LIMBOO", 0], "201821320": ["CHANDRA HANG SUBBA", 0], "201821321": ["NIMA SHERPA", 0], "201821322": ["BANDANA PRADHAN", 0], "201821323": ["PRATIGYA RIZAL", 0], "201821401": ["ANJANA SUBEDI", 0], "201821402": ["ADITY DAS", 0], "201821403": ["PUJA SHARMA", 0], "201821404": ["ANITA GURUNG", 0], "201821405": ["ANJALI SHARMA", 0], "201821406": ["KAMAL CHETTRI", 0], "201821407": ["SUMIRAN BASNETT", 0], "201821408": ["MAHEEMA THAPA", 0], "201821409": ["ANAN RAI", 0], "201821410": ["PURAN DANGAL", 0], "201821411": ["ALPHA PRADHAN", 0], "201822001": ["RITURAJ DAS", 0], "201822002": ["PALLAB SAIKIA", 0], "201822501": ["SUNITA THAPA", 0], "201822502": ["DAN SINGH", 0], "201822503": ["MANOJA PAKHRIN", 0], "201822504": ["SANJU TAMANG", 0], "201822505": ["TILAK SHARMA", 0], "201822506": ["NGWANG SHENPHEN", 0], "201822507": ["PRONAY DUTTA", 0], "201823001": ["SARIKA KUMARI", 0], "201823002": ["Tanya Gautam", 0], "201823003": ["Monika Gupta", 0], "201823004": ["NITU JAISWAL", 0], "201823005": ["Astha Dahal", 0], "201823006": ["Sirmn Neopaney", 0], "201823007": ["Akshay Dhiman", 0], "201823008": ["PRIYANKA BHUJEL", 0], "201823009": ["ANJU CHETTRI", 0], "201823010": ["Sangita Saha", 0], "201823011": ["Annela Bhutia", 0], "201823012": ["USHMITA CHETTRI", 0], "201823013": ["DAKSHINA RUCHAL", 0], "201823014": ["PRATIKSHEET  BRAHMAN", 0], "201823015": ["Vakal Rai", 0], "201823016": ["Trishna Rai", 0], "201823017": ["HIMANSHU GOYAL", 0], "201823018": ["PRANESH CHETTRI", 0], "201823019": ["NAYAN JYOTI BORAH", 0], "201823020": ["SUSHIL SHANKER", 0], "201823021": ["TUHIN LIMBU", 0], "201823022": ["ROHIT PRASAD", 0], "201823023": ["PREMA RANJAN", 0], "201825001": ["PREKSHA SHIPON GURUNG", 0], "201825002": ["BARUN PRADHAN", 0], "201825003": ["AVINASH CHHETRI", 0], "201827001": ["ANAM TAGGU", 0], "201827002": ["ABHIJIT SINGH", 0], "201827003": ["ASHISH MAHARJAN", 0], "201827004": ["REWAJ RAI", 0], "201827005": ["ASISH SAKYA", 0], "201827006": ["JANGA THAPA", 0], "201833001": ["SANJEEV SUBBA", 0], "201833002": ["MD JAVED ANSARI", 0], "201833003": ["SISIR POKHREL SHARMA", 0], "201833004": ["VYAS VIVEK SHARMA", 0], "201833005": ["PASSANG LAHMU BHUTIA", 0], "201833006": ["YANGCHENLA KAZI", 0], "201833007": ["RIPNA SHAPKOTA", 0], "201833008": ["ADWIN TAMANG", 0]}